   ------------------------------------------------------------------
  | Welcome to ROOT 6.37.01                        https://root.cern |
  | (c) 1995-2025, The ROOT Team; conception: R. Brun, F. Rademakers |
  | Built for linuxx8664gcc on Oct 14 2025, 03:00:55                 |
  | From heads/master@599cbfd2                                       |
  | With c++ (GCC) 14.2.1 20250110 (Red Hat 14.2.1-7)                |
  | Try '.help'/'.?', '.demo', '.license', '.credits', '.quit'/'.q'  |
   ------------------------------------------------------------------


Processing LoadAll.c("CLD")...
Processing RunMetrics.cc+("opt/GeoOPT.txt", "opt/metrics.root")...
1 PIPE -100 100 0.0228 0.0012 0.35276 0 0 0 0 0 0
1 VTX -0.065 0.065 0.029 5e-05 0.0937 2 0 1.5708 5e-06 5e-06 1
1 VTX -0.065 0.065 0.031 5e-05 0.0937 2 0 1.5708 5e-06 5e-06 1
1 VTX -0.065 0.065 0.05 5e-05 0.0937 2 0 1.5708 5e-06 5e-06 1
1 VTX -0.065 0.065 0.052 5e-05 0.0937 2 0 1.5708 5e-06 5e-06 1
1 VTX -0.065 0.065 0.073 5e-05 0.0937 2 0 1.5708 5e-06 5e-06 1
1 VTX -0.065 0.065 0.075 5e-05 0.0937 2 0 1.5708 5e-06 5e-06 1
1 VTX -0.065 0.065 0.101 5e-05 0.0937 2 0 1.5708 5e-06 5e-06 1
1 VTX -0.065 0.065 0.103 5e-05 0.0937 2 0 1.5708 5e-06 5e-06 1
1 VTX -0.065 0.065 0.028 0.000557 0.0937 0 0 0 0 0 0
1 VTX -0.065 0.065 0.051 0.000557 0.0937 0 0 0 0 0 0
1 VTX -0.065 0.065 0.074 0.000557 0.0937 0 0 0 0 0 0
1 VTX -0.065 0.065 0.102 0.000557 0.0937 0 0 0 0 0 0
1 VTX -0.5 0.5 0.113 0.000337 0.0937 0 0 0 0 0 0
1 ITK -0.4816 0.4816 0.127 0.000956 0.0937 2 0 1.5708 7e-06 9e-05 1
1 ITK -0.4816 0.4816 0.34 0.000956 0.0937 2 0 1.5708 7e-06 9e-05 1
1 ITK -0.6923 0.6923 0.554 0.000956 0.0937 2 0 1.5708 7e-06 9e-05 1
1 ITK -0.4816 0.4816 0.132 0.00017 0.0937 0 0 0 0 0 0
1 ITK -0.4816 0.4816 0.345 0.00017 0.0937 0 0 0 0 0 0
1 ITK -0.6923 0.6923 0.559 0.00017 0.0937 0 0 0 0 0 0
1 ITK -2.3 2.3 0.57 0.00125 0.0937 0 0 0 0 0 0
1 ITK -2.3 2.3 0.5705 0.000281 0.0937 0 0 0 0 0 0
1 OTK -1.2642 1.2642 0.819 0.000956 0.0937 2 0 1.5708 7e-06 9e-05 1
1 OTK -1.2642 1.2642 1.153 0.000956 0.0937 2 0 1.5708 7e-06 9e-05 1
1 OTK -1.2642 1.2642 1.486 0.000956 0.0937 2 0 1.5708 7e-06 9e-05 1
1 OTK -1.2642 1.2642 0.824 0.000244 0.0937 0 0 0 0 0 0
1 OTK -1.2642 1.2642 1.143 0.000117 0.0937 0 0 0 0 0 0
1 OTK -1.2642 1.2642 1.476 0.000117 0.0937 0 0 0 0 0 0
2 VTXDSK 0.05 0.112 -0.28 5e-05 0.0937 2 0 1.5708 5e-06 5e-06 1
2 VTXDSK 0.035 0.112 -0.2 5e-05 0.0937 2 0 1.5708 5e-06 5e-06 1
2 VTXDSK 0.028 0.112 -0.12 5e-05 0.0937 2 0 1.5708 5e-06 5e-06 1
2 VTXDSK 0.022 0.112 -0.08 5e-05 0.0937 2 0 1.5708 5e-06 5e-06 1
2 VTXDSK 0.022 0.112 0.08 5e-05 0.0937 2 0 1.5708 5e-06 5e-06 1
2 VTXDSK 0.028 0.112 0.12 5e-05 0.0937 2 0 1.5708 5e-06 5e-06 1
2 VTXDSK 0.035 0.112 0.2 5e-05 0.0937 2 0 1.5708 5e-06 5e-06 1
2 VTXDSK 0.05 0.112 0.28 5e-05 0.0937 2 0 1.5708 5e-06 5e-06 1
2 ITKDSK 0.284 0.56 -2.19 0.000956 0.0937 2 0 1.5708 7e-06 9e-05 1
2 ITKDSK 0.264 0.56 -1.946 0.000956 0.0937 2 0 1.5708 7e-06 9e-05 1
2 ITKDSK 0.237 0.56 -1.661 0.000956 0.0937 2 0 1.5708 7e-06 9e-05 1
2 ITKDSK 0.212 0.56 -1.377 0.000956 0.0937 2 0 1.5708 7e-06 9e-05 1
2 ITKDSK 0.19 0.56 -1.093 0.000956 0.0937 2 0 1.5708 7e-06 9e-05 1
2 ITKDSK 0.147 0.56 -0.808 0.000956 0.0937 2 0 1.5708 7e-06 9e-05 1
2 ITKDSK 0.095 0.41 -0.524 0.000956 0.0937 2 0 1.5708 7e-06 9e-05 1
2 ITKDSK 0.095 0.41 0.524 0.000956 0.0937 2 0 1.5708 7e-06 9e-05 1
2 ITKDSK 0.147 0.56 0.808 0.000956 0.0937 2 0 1.5708 7e-06 9e-05 1
2 ITKDSK 0.19 0.56 1.093 0.000956 0.0937 2 0 1.5708 7e-06 9e-05 1
2 ITKDSK 0.212 0.56 1.377 0.000956 0.0937 2 0 1.5708 7e-06 9e-05 1
2 ITKDSK 0.237 0.56 1.661 0.000956 0.0937 2 0 1.5708 7e-06 9e-05 1
2 ITKDSK 0.264 0.56 1.946 0.000956 0.0937 2 0 1.5708 7e-06 9e-05 1
2 ITKDSK 0.284 0.56 2.19 0.000956 0.0937 2 0 1.5708 7e-06 9e-05 1
2 OTKDSK 0.6175 1.4302 -2.19 0.000956 0.0937 2 0 1.5708 7e-06 9e-05 1
2 OTKDSK 0.6175 1.4302 -1.883 0.000956 0.0937 2 0 1.5708 7e-06 9e-05 1
2 OTKDSK 0.6175 1.4302 -1.617 0.000956 0.0937 2 0 1.5708 7e-06 9e-05 1
2 OTKDSK 0.6175 1.4302 -1.31 0.000956 0.0937 2 0 1.5708 7e-06 9e-05 1
2 OTKDSK 0.6175 1.4302 1.31 0.000956 0.0937 2 0 1.5708 7e-06 9e-05 1
2 OTKDSK 0.6175 1.4302 1.617 0.000956 0.0937 2 0 1.5708 7e-06 9e-05 1
2 OTKDSK 0.6175 1.4302 1.883 0.000956 0.0937 2 0 1.5708 7e-06 9e-05 1
2 OTKDSK 0.6175 1.4302 2.19 0.000956 0.0937 2 0 1.5708 7e-06 9e-05 1
2 OTKDSK 0.6175 1.4302 -2.18 0.000342 0.0937 0 0 0 0 0 0
2 OTKDSK 0.6175 1.4302 -1.893 0.000342 0.0937 0 0 0 0 0 0
2 OTKDSK 0.6175 1.4302 -1.607 0.000342 0.0937 0 0 0 0 0 0
2 OTKDSK 0.6175 1.4302 -1.32 0.000342 0.0937 0 0 0 0 0 0
2 OTKDSK 0.6175 1.4302 1.32 0.000342 0.0937 0 0 0 0 0 0
2 OTKDSK 0.6175 1.4302 1.607 0.000342 0.0937 0 0 0 0 0 0
2 OTKDSK 0.6175 1.4302 1.893 0.000342 0.0937 0 0 0 0 0 0
2 OTKDSK 0.6175 1.4302 2.18 0.000342 0.0937 0 0 0 0 0 0
SolGeom::GeoRead completed with 66 layers input
i = 0, Detector = PIPE
i = 1, Detector = VTX
i = 2, Detector = ITK
i = 3, Detector = OTK
i = 4, Detector = VTXDSK
i = 5, Detector = ITKDSK
i = 6, Detector = OTKDSK
   ------------------------------------------------------------------
  | Welcome to ROOT 6.37.01                        https://root.cern |
  | (c) 1995-2025, The ROOT Team; conception: R. Brun, F. Rademakers |
  | Built for linuxx8664gcc on Oct 14 2025, 03:00:55                 |
  | From heads/master@599cbfd2                                       |
  | With c++ (GCC) 14.2.1 20250110 (Red Hat 14.2.1-7)                |
  | Try '.help'/'.?', '.demo', '.license', '.credits', '.quit'/'.q'  |
   ------------------------------------------------------------------


Processing LoadAll.c("CLD")...
Processing RunMetrics.cc+("opt/GeoOPT.txt", "opt/metrics.root")...
1 PIPE -100 100 0.0228 0.0012 0.35276 0 0 0 0 0 0
1 VTX -0.065 0.065 0.029 5e-05 0.0937 2 0 1.5708 5e-06 5e-06 1
1 VTX -0.065 0.065 0.031 5e-05 0.0937 2 0 1.5708 5e-06 5e-06 1
1 VTX -0.065 0.065 0.05 5e-05 0.0937 2 0 1.5708 5e-06 5e-06 1
1 VTX -0.065 0.065 0.052 5e-05 0.0937 2 0 1.5708 5e-06 5e-06 1
1 VTX -0.065 0.065 0.073 5e-05 0.0937 2 0 1.5708 5e-06 5e-06 1
1 VTX -0.065 0.065 0.075 5e-05 0.0937 2 0 1.5708 5e-06 5e-06 1
1 VTX -0.065 0.065 0.101 5e-05 0.0937 2 0 1.5708 5e-06 5e-06 1
1 VTX -0.065 0.065 0.103 5e-05 0.0937 2 0 1.5708 5e-06 5e-06 1
1 VTX -0.065 0.065 0.028 0.000557 0.0937 0 0 0 0 0 0
1 VTX -0.065 0.065 0.051 0.000557 0.0937 0 0 0 0 0 0
1 VTX -0.065 0.065 0.074 0.000557 0.0937 0 0 0 0 0 0
1 VTX -0.065 0.065 0.102 0.000557 0.0937 0 0 0 0 0 0
1 VTX -0.5 0.5 0.113 0.000337 0.0937 0 0 0 0 0 0
1 ITK -0.4816 0.4816 0.127 0.000956 0.0937 2 0 1.5708 7e-06 9e-05 1
1 ITK -0.4816 0.4816 0.34 0.000956 0.0937 2 0 1.5708 7e-06 9e-05 1
1 ITK -0.6923 0.6923 0.554 0.000956 0.0937 2 0 1.5708 7e-06 9e-05 1
1 ITK -0.4816 0.4816 0.132 0.00017 0.0937 0 0 0 0 0 0
1 ITK -0.4816 0.4816 0.345 0.00017 0.0937 0 0 0 0 0 0
1 ITK -0.6923 0.6923 0.559 0.00017 0.0937 0 0 0 0 0 0
1 ITK -2.3 2.3 0.57 0.00125 0.0937 0 0 0 0 0 0
1 ITK -2.3 2.3 0.5705 0.000281 0.0937 0 0 0 0 0 0
1 OTK -1.2642 1.2642 0.819 0.000956 0.0937 2 0 1.5708 7e-06 9e-05 1
1 OTK -1.2642 1.2642 1.153 0.000956 0.0937 2 0 1.5708 7e-06 9e-05 1
1 OTK -1.2642 1.2642 1.486 0.000956 0.0937 2 0 1.5708 7e-06 9e-05 1
1 OTK -1.2642 1.2642 0.824 0.000244 0.0937 0 0 0 0 0 0
1 OTK -1.2642 1.2642 1.143 0.000117 0.0937 0 0 0 0 0 0
1 OTK -1.2642 1.2642 1.476 0.000117 0.0937 0 0 0 0 0 0
2 VTXDSK 0.05 0.112 -0.28 5e-05 0.0937 2 0 1.5708 5e-06 5e-06 1
2 VTXDSK 0.035 0.112 -0.2 5e-05 0.0937 2 0 1.5708 5e-06 5e-06 1
2 VTXDSK 0.028 0.112 -0.12 5e-05 0.0937 2 0 1.5708 5e-06 5e-06 1
2 VTXDSK 0.022 0.112 -0.08 5e-05 0.0937 2 0 1.5708 5e-06 5e-06 1
2 VTXDSK 0.022 0.112 0.08 5e-05 0.0937 2 0 1.5708 5e-06 5e-06 1
2 VTXDSK 0.028 0.112 0.12 5e-05 0.0937 2 0 1.5708 5e-06 5e-06 1
2 VTXDSK 0.035 0.112 0.2 5e-05 0.0937 2 0 1.5708 5e-06 5e-06 1
2 VTXDSK 0.05 0.112 0.28 5e-05 0.0937 2 0 1.5708 5e-06 5e-06 1
2 ITKDSK 0.284 0.56 -2.19 0.000956 0.0937 2 0 1.5708 7e-06 9e-05 1
2 ITKDSK 0.264 0.56 -1.946 0.000956 0.0937 2 0 1.5708 7e-06 9e-05 1
2 ITKDSK 0.237 0.56 -1.661 0.000956 0.0937 2 0 1.5708 7e-06 9e-05 1
2 ITKDSK 0.212 0.56 -1.377 0.000956 0.0937 2 0 1.5708 7e-06 9e-05 1
2 ITKDSK 0.19 0.56 -1.093 0.000956 0.0937 2 0 1.5708 7e-06 9e-05 1
2 ITKDSK 0.147 0.56 -0.808 0.000956 0.0937 2 0 1.5708 7e-06 9e-05 1
2 ITKDSK 0.095 0.41 -0.524 0.000956 0.0937 2 0 1.5708 7e-06 9e-05 1
2 ITKDSK 0.095 0.41 0.524 0.000956 0.0937 2 0 1.5708 7e-06 9e-05 1
2 ITKDSK 0.147 0.56 0.808 0.000956 0.0937 2 0 1.5708 7e-06 9e-05 1
2 ITKDSK 0.19 0.56 1.093 0.000956 0.0937 2 0 1.5708 7e-06 9e-05 1
2 ITKDSK 0.212 0.56 1.377 0.000956 0.0937 2 0 1.5708 7e-06 9e-05 1
2 ITKDSK 0.237 0.56 1.661 0.000956 0.0937 2 0 1.5708 7e-06 9e-05 1
2 ITKDSK 0.264 0.56 1.946 0.000956 0.0937 2 0 1.5708 7e-06 9e-05 1
2 ITKDSK 0.284 0.56 2.19 0.000956 0.0937 2 0 1.5708 7e-06 9e-05 1
2 OTKDSK 0.6175 1.4302 -2.19 0.000956 0.0937 2 0 1.5708 7e-06 9e-05 1
2 OTKDSK 0.6175 1.4302 -1.883 0.000956 0.0937 2 0 1.5708 7e-06 9e-05 1
2 OTKDSK 0.6175 1.4302 -1.617 0.000956 0.0937 2 0 1.5708 7e-06 9e-05 1
2 OTKDSK 0.6175 1.4302 -1.31 0.000956 0.0937 2 0 1.5708 7e-06 9e-05 1
2 OTKDSK 0.6175 1.4302 1.31 0.000956 0.0937 2 0 1.5708 7e-06 9e-05 1
2 OTKDSK 0.6175 1.4302 1.617 0.000956 0.0937 2 0 1.5708 7e-06 9e-05 1
2 OTKDSK 0.6175 1.4302 1.883 0.000956 0.0937 2 0 1.5708 7e-06 9e-05 1
2 OTKDSK 0.6175 1.4302 2.19 0.000956 0.0937 2 0 1.5708 7e-06 9e-05 1
2 OTKDSK 0.6175 1.4302 -2.18 0.000342 0.0937 0 0 0 0 0 0
2 OTKDSK 0.6175 1.4302 -1.893 0.000342 0.0937 0 0 0 0 0 0
2 OTKDSK 0.6175 1.4302 -1.607 0.000342 0.0937 0 0 0 0 0 0
2 OTKDSK 0.6175 1.4302 -1.32 0.000342 0.0937 0 0 0 0 0 0
2 OTKDSK 0.6175 1.4302 1.32 0.000342 0.0937 0 0 0 0 0 0
2 OTKDSK 0.6175 1.4302 1.607 0.000342 0.0937 0 0 0 0 0 0
2 OTKDSK 0.6175 1.4302 1.893 0.000342 0.0937 0 0 0 0 0 0
2 OTKDSK 0.6175 1.4302 2.18 0.000342 0.0937 0 0 0 0 0 0
SolGeom::GeoRead completed with 66 layers input
i = 0, Detector = PIPE
i = 1, Detector = VTX
i = 2, Detector = ITK
i = 3, Detector = OTK
i = 4, Detector = VTXDSK
i = 5, Detector = ITKDSK
i = 6, Detector = OTKDSK
   ------------------------------------------------------------------
  | Welcome to ROOT 6.37.01                        https://root.cern |
  | (c) 1995-2025, The ROOT Team; conception: R. Brun, F. Rademakers |
  | Built for linuxx8664gcc on Oct 14 2025, 03:00:55                 |
  | From heads/master@599cbfd2                                       |
  | With c++ (GCC) 14.2.1 20250110 (Red Hat 14.2.1-7)                |
  | Try '.help'/'.?', '.demo', '.license', '.credits', '.quit'/'.q'  |
   ------------------------------------------------------------------


Processing LoadAll.c("CLD")...
Processing RunMetrics.cc+("opt/GeoOPT.txt", "opt/metrics.root")...
1 PIPE -100 100 0.0228 0.0012 0.35276 0 0 0 0 0 0
1 VTX -1.48847 1.48847 1.19888 5e-05 0.0937 2 0 1.5708 5e-06 5e-06 1
1 VTX -0.933873 0.933873 0.291483 5e-05 0.0937 2 0 1.5708 5e-06 5e-06 1
1 VTX -0.925247 0.925247 1.17394 5e-05 0.0937 2 0 1.5708 5e-06 5e-06 1
1 VTX -0.0304581 0.0304581 0.903338 5e-05 0.0937 2 0 1.5708 5e-06 5e-06 1
1 VTX -0.0541324 0.0541324 0.679832 5e-05 0.0937 2 0 1.5708 5e-06 5e-06 1
1 VTX -0.796666 0.796666 0.167963 5e-05 0.0937 2 0 1.5708 5e-06 5e-06 1
1 VTX -0.611794 0.611794 0.699688 5e-05 0.0937 2 0 1.5708 5e-06 5e-06 1
1 VTX -0.0890652 0.0890652 0.513889 5e-05 0.0937 2 0 1.5708 5e-06 5e-06 1
1 VTX -0.065 0.065 0.028 0.000557 0.0937 0 0 0 0 0 0
1 VTX -0.065 0.065 0.051 0.000557 0.0937 0 0 0 0 0 0
1 VTX -0.065 0.065 0.074 0.000557 0.0937 0 0 0 0 0 0
1 VTX -0.065 0.065 0.102 0.000557 0.0937 0 0 0 0 0 0
1 VTX -0.5 0.5 0.113 0.000337 0.0937 0 0 0 0 0 0
1 ITK -1.46116 1.46116 0.231443 0.000956 0.0937 2 0 1.5708 7e-06 9e-05 1
1 ITK -0.364502 0.364502 0.983315 0.000956 0.0937 2 0 1.5708 7e-06 9e-05 1
1 ITK -0.154098 0.154098 0.103489 0.000956 0.0937 2 0 1.5708 7e-06 9e-05 1
1 ITK -0.4816 0.4816 0.132 0.00017 0.0937 0 0 0 0 0 0
1 ITK -0.4816 0.4816 0.345 0.00017 0.0937 0 0 0 0 0 0
1 ITK -0.6923 0.6923 0.559 0.00017 0.0937 0 0 0 0 0 0
1 ITK -2.3 2.3 0.57 0.00125 0.0937 0 0 0 0 0 0
1 ITK -2.3 2.3 0.5705 0.000281 0.0937 0 0 0 0 0 0
1 OTK -0.935211 0.935211 1.08856 0.000956 0.0937 2 0 1.5708 7e-06 9e-05 1
1 OTK -0.586044 0.586044 1.40906 0.000956 0.0937 2 0 1.5708 7e-06 9e-05 1
1 OTK -1.47518 1.47518 0.0211526 0.000956 0.0937 2 0 1.5708 7e-06 9e-05 1
1 OTK -1.2642 1.2642 0.824 0.000244 0.0937 0 0 0 0 0 0
1 OTK -1.2642 1.2642 1.143 0.000117 0.0937 0 0 0 0 0 0
1 OTK -1.2642 1.2642 1.476 0.000117 0.0937 0 0 0 0 0 0
2 VTXDSK 0.05 0.112 -0.28 5e-05 0.0937 2 0 1.5708 5e-06 5e-06 1
2 VTXDSK 0.035 0.112 -0.2 5e-05 0.0937 2 0 1.5708 5e-06 5e-06 1
2 VTXDSK 0.028 0.112 -0.12 5e-05 0.0937 2 0 1.5708 5e-06 5e-06 1
2 VTXDSK 0.022 0.112 -0.08 5e-05 0.0937 2 0 1.5708 5e-06 5e-06 1
2 VTXDSK 0.022 0.112 0.08 5e-05 0.0937 2 0 1.5708 5e-06 5e-06 1
2 VTXDSK 0.028 0.112 0.12 5e-05 0.0937 2 0 1.5708 5e-06 5e-06 1
2 VTXDSK 0.035 0.112 0.2 5e-05 0.0937 2 0 1.5708 5e-06 5e-06 1
2 VTXDSK 0.05 0.112 0.28 5e-05 0.0937 2 0 1.5708 5e-06 5e-06 1
2 ITKDSK 0.284 0.56 -2.19 0.000956 0.0937 2 0 1.5708 7e-06 9e-05 1
2 ITKDSK 0.264 0.56 -1.946 0.000956 0.0937 2 0 1.5708 7e-06 9e-05 1
2 ITKDSK 0.237 0.56 -1.661 0.000956 0.0937 2 0 1.5708 7e-06 9e-05 1
2 ITKDSK 0.212 0.56 -1.377 0.000956 0.0937 2 0 1.5708 7e-06 9e-05 1
2 ITKDSK 0.19 0.56 -1.093 0.000956 0.0937 2 0 1.5708 7e-06 9e-05 1
2 ITKDSK 0.147 0.56 -0.808 0.000956 0.0937 2 0 1.5708 7e-06 9e-05 1
2 ITKDSK 0.095 0.41 -0.524 0.000956 0.0937 2 0 1.5708 7e-06 9e-05 1
2 ITKDSK 0.095 0.41 0.524 0.000956 0.0937 2 0 1.5708 7e-06 9e-05 1
2 ITKDSK 0.147 0.56 0.808 0.000956 0.0937 2 0 1.5708 7e-06 9e-05 1
2 ITKDSK 0.19 0.56 1.093 0.000956 0.0937 2 0 1.5708 7e-06 9e-05 1
2 ITKDSK 0.212 0.56 1.377 0.000956 0.0937 2 0 1.5708 7e-06 9e-05 1
2 ITKDSK 0.237 0.56 1.661 0.000956 0.0937 2 0 1.5708 7e-06 9e-05 1
2 ITKDSK 0.264 0.56 1.946 0.000956 0.0937 2 0 1.5708 7e-06 9e-05 1
2 ITKDSK 0.284 0.56 2.19 0.000956 0.0937 2 0 1.5708 7e-06 9e-05 1
2 OTKDSK 0.6175 1.4302 -2.19 0.000956 0.0937 2 0 1.5708 7e-06 9e-05 1
2 OTKDSK 0.6175 1.4302 -1.883 0.000956 0.0937 2 0 1.5708 7e-06 9e-05 1
2 OTKDSK 0.6175 1.4302 -1.617 0.000956 0.0937 2 0 1.5708 7e-06 9e-05 1
2 OTKDSK 0.6175 1.4302 -1.31 0.000956 0.0937 2 0 1.5708 7e-06 9e-05 1
2 OTKDSK 0.6175 1.4302 1.31 0.000956 0.0937 2 0 1.5708 7e-06 9e-05 1
2 OTKDSK 0.6175 1.4302 1.617 0.000956 0.0937 2 0 1.5708 7e-06 9e-05 1
2 OTKDSK 0.6175 1.4302 1.883 0.000956 0.0937 2 0 1.5708 7e-06 9e-05 1
2 OTKDSK 0.6175 1.4302 2.19 0.000956 0.0937 2 0 1.5708 7e-06 9e-05 1
2 OTKDSK 0.6175 1.4302 -2.18 0.000342 0.0937 0 0 0 0 0 0
2 OTKDSK 0.6175 1.4302 -1.893 0.000342 0.0937 0 0 0 0 0 0
2 OTKDSK 0.6175 1.4302 -1.607 0.000342 0.0937 0 0 0 0 0 0
2 OTKDSK 0.6175 1.4302 -1.32 0.000342 0.0937 0 0 0 0 0 0
2 OTKDSK 0.6175 1.4302 1.32 0.000342 0.0937 0 0 0 0 0 0
2 OTKDSK 0.6175 1.4302 1.607 0.000342 0.0937 0 0 0 0 0 0
2 OTKDSK 0.6175 1.4302 1.893 0.000342 0.0937 0 0 0 0 0 0
2 OTKDSK 0.6175 1.4302 2.18 0.000342 0.0937 0 0 0 0 0 0
SolGeom::GeoRead completed with 66 layers input
i = 0, Detector = PIPE
i = 1, Detector = VTX
i = 2, Detector = ITK
i = 3, Detector = OTK
i = 4, Detector = VTXDSK
i = 5, Detector = ITKDSK
i = 6, Detector = OTKDSK
   ------------------------------------------------------------------
  | Welcome to ROOT 6.37.01                        https://root.cern |
  | (c) 1995-2025, The ROOT Team; conception: R. Brun, F. Rademakers |
  | Built for linuxx8664gcc on Oct 14 2025, 03:00:55                 |
  | From heads/master@599cbfd2                                       |
  | With c++ (GCC) 14.2.1 20250110 (Red Hat 14.2.1-7)                |
  | Try '.help'/'.?', '.demo', '.license', '.credits', '.quit'/'.q'  |
   ------------------------------------------------------------------


Processing LoadAll.c("CLD")...
Processing RunMetrics.cc+("opt/GeoOPT.txt", "opt/metrics.root")...
1 PIPE -100 100 0.0228 0.0012 0.35276 0 0 0 0 0 0
1 VTX -0.27658 0.27658 0.710809 5e-05 0.0937 2 0 1.5708 5e-06 5e-06 1
1 VTX -0.59877 0.59877 1.29271 5e-05 0.0937 2 0 1.5708 5e-06 5e-06 1
1 VTX -0.289709 0.289709 1.02686 5e-05 0.0937 2 0 1.5708 5e-06 5e-06 1
1 VTX -1.13793 1.13793 0.686739 5e-05 0.0937 2 0 1.5708 5e-06 5e-06 1
1 VTX -0.649231 0.649231 0.0396321 5e-05 0.0937 2 0 1.5708 5e-06 5e-06 1
1 VTX -0.327754 0.327754 1.41446 5e-05 0.0937 2 0 1.5708 5e-06 5e-06 1
1 VTX -0.860196 0.860196 0.853667 5e-05 0.0937 2 0 1.5708 5e-06 5e-06 1
1 VTX -0.0663437 0.0663437 0.590416 5e-05 0.0937 2 0 1.5708 5e-06 5e-06 1
1 VTX -0.065 0.065 0.028 0.000557 0.0937 0 0 0 0 0 0
1 VTX -0.065 0.065 0.051 0.000557 0.0937 0 0 0 0 0 0
1 VTX -0.065 0.065 0.074 0.000557 0.0937 0 0 0 0 0 0
1 VTX -0.065 0.065 0.102 0.000557 0.0937 0 0 0 0 0 0
1 VTX -0.5 0.5 0.113 0.000337 0.0937 0 0 0 0 0 0
1 ITK -1.26658 1.26658 0.0436301 0.000956 0.0937 2 0 1.5708 7e-06 9e-05 1
1 ITK -0.685636 0.685636 0.361723 0.000956 0.0937 2 0 1.5708 7e-06 9e-05 1
1 ITK -0.604822 0.604822 0.376718 0.000956 0.0937 2 0 1.5708 7e-06 9e-05 1
1 ITK -0.4816 0.4816 0.132 0.00017 0.0937 0 0 0 0 0 0
1 ITK -0.4816 0.4816 0.345 0.00017 0.0937 0 0 0 0 0 0
1 ITK -0.6923 0.6923 0.559 0.00017 0.0937 0 0 0 0 0 0
1 ITK -2.3 2.3 0.57 0.00125 0.0937 0 0 0 0 0 0
1 ITK -2.3 2.3 0.5705 0.000281 0.0937 0 0 0 0 0 0
1 OTK -1.39146 1.39146 1.03123 0.000956 0.0937 2 0 1.5708 7e-06 9e-05 1
1 OTK -1.09636 1.09636 0.922795 0.000956 0.0937 2 0 1.5708 7e-06 9e-05 1
1 OTK -0.50328 0.50328 1.25313 0.000956 0.0937 2 0 1.5708 7e-06 9e-05 1
1 OTK -1.2642 1.2642 0.824 0.000244 0.0937 0 0 0 0 0 0
1 OTK -1.2642 1.2642 1.143 0.000117 0.0937 0 0 0 0 0 0
1 OTK -1.2642 1.2642 1.476 0.000117 0.0937 0 0 0 0 0 0
2 VTXDSK 0.05 0.112 -0.28 5e-05 0.0937 2 0 1.5708 5e-06 5e-06 1
2 VTXDSK 0.035 0.112 -0.2 5e-05 0.0937 2 0 1.5708 5e-06 5e-06 1
2 VTXDSK 0.028 0.112 -0.12 5e-05 0.0937 2 0 1.5708 5e-06 5e-06 1
2 VTXDSK 0.022 0.112 -0.08 5e-05 0.0937 2 0 1.5708 5e-06 5e-06 1
2 VTXDSK 0.022 0.112 0.08 5e-05 0.0937 2 0 1.5708 5e-06 5e-06 1
2 VTXDSK 0.028 0.112 0.12 5e-05 0.0937 2 0 1.5708 5e-06 5e-06 1
2 VTXDSK 0.035 0.112 0.2 5e-05 0.0937 2 0 1.5708 5e-06 5e-06 1
2 VTXDSK 0.05 0.112 0.28 5e-05 0.0937 2 0 1.5708 5e-06 5e-06 1
2 ITKDSK 0.284 0.56 -2.19 0.000956 0.0937 2 0 1.5708 7e-06 9e-05 1
2 ITKDSK 0.264 0.56 -1.946 0.000956 0.0937 2 0 1.5708 7e-06 9e-05 1
2 ITKDSK 0.237 0.56 -1.661 0.000956 0.0937 2 0 1.5708 7e-06 9e-05 1
2 ITKDSK 0.212 0.56 -1.377 0.000956 0.0937 2 0 1.5708 7e-06 9e-05 1
2 ITKDSK 0.19 0.56 -1.093 0.000956 0.0937 2 0 1.5708 7e-06 9e-05 1
2 ITKDSK 0.147 0.56 -0.808 0.000956 0.0937 2 0 1.5708 7e-06 9e-05 1
2 ITKDSK 0.095 0.41 -0.524 0.000956 0.0937 2 0 1.5708 7e-06 9e-05 1
2 ITKDSK 0.095 0.41 0.524 0.000956 0.0937 2 0 1.5708 7e-06 9e-05 1
2 ITKDSK 0.147 0.56 0.808 0.000956 0.0937 2 0 1.5708 7e-06 9e-05 1
2 ITKDSK 0.19 0.56 1.093 0.000956 0.0937 2 0 1.5708 7e-06 9e-05 1
2 ITKDSK 0.212 0.56 1.377 0.000956 0.0937 2 0 1.5708 7e-06 9e-05 1
2 ITKDSK 0.237 0.56 1.661 0.000956 0.0937 2 0 1.5708 7e-06 9e-05 1
2 ITKDSK 0.264 0.56 1.946 0.000956 0.0937 2 0 1.5708 7e-06 9e-05 1
2 ITKDSK 0.284 0.56 2.19 0.000956 0.0937 2 0 1.5708 7e-06 9e-05 1
2 OTKDSK 0.6175 1.4302 -2.19 0.000956 0.0937 2 0 1.5708 7e-06 9e-05 1
2 OTKDSK 0.6175 1.4302 -1.883 0.000956 0.0937 2 0 1.5708 7e-06 9e-05 1
2 OTKDSK 0.6175 1.4302 -1.617 0.000956 0.0937 2 0 1.5708 7e-06 9e-05 1
2 OTKDSK 0.6175 1.4302 -1.31 0.000956 0.0937 2 0 1.5708 7e-06 9e-05 1
2 OTKDSK 0.6175 1.4302 1.31 0.000956 0.0937 2 0 1.5708 7e-06 9e-05 1
2 OTKDSK 0.6175 1.4302 1.617 0.000956 0.0937 2 0 1.5708 7e-06 9e-05 1
2 OTKDSK 0.6175 1.4302 1.883 0.000956 0.0937 2 0 1.5708 7e-06 9e-05 1
2 OTKDSK 0.6175 1.4302 2.19 0.000956 0.0937 2 0 1.5708 7e-06 9e-05 1
2 OTKDSK 0.6175 1.4302 -2.18 0.000342 0.0937 0 0 0 0 0 0
2 OTKDSK 0.6175 1.4302 -1.893 0.000342 0.0937 0 0 0 0 0 0
2 OTKDSK 0.6175 1.4302 -1.607 0.000342 0.0937 0 0 0 0 0 0
2 OTKDSK 0.6175 1.4302 -1.32 0.000342 0.0937 0 0 0 0 0 0
2 OTKDSK 0.6175 1.4302 1.32 0.000342 0.0937 0 0 0 0 0 0
2 OTKDSK 0.6175 1.4302 1.607 0.000342 0.0937 0 0 0 0 0 0
2 OTKDSK 0.6175 1.4302 1.893 0.000342 0.0937 0 0 0 0 0 0
2 OTKDSK 0.6175 1.4302 2.18 0.000342 0.0937 0 0 0 0 0 0
SolGeom::GeoRead completed with 66 layers input
i = 0, Detector = PIPE
i = 1, Detector = VTX
i = 2, Detector = ITK
i = 3, Detector = OTK
i = 4, Detector = VTXDSK
i = 5, Detector = ITKDSK
i = 6, Detector = OTKDSK
   ------------------------------------------------------------------
  | Welcome to ROOT 6.37.01                        https://root.cern |
  | (c) 1995-2025, The ROOT Team; conception: R. Brun, F. Rademakers |
  | Built for linuxx8664gcc on Oct 14 2025, 03:00:55                 |
  | From heads/master@599cbfd2                                       |
  | With c++ (GCC) 14.2.1 20250110 (Red Hat 14.2.1-7)                |
  | Try '.help'/'.?', '.demo', '.license', '.credits', '.quit'/'.q'  |
   ------------------------------------------------------------------


Processing LoadAll.c("CLD")...
Processing RunMetrics.cc+("opt/GeoOPT.txt", "opt/metrics.root")...
1 PIPE -100 100 0.0228 0.0012 0.35276 0 0 0 0 0 0
1 VTX -0.604425 0.604425 0.864257 5e-05 0.0937 2 0 1.5708 5e-06 5e-06 1
1 VTX -0.454362 0.454362 0.790835 5e-05 0.0937 2 0 1.5708 5e-06 5e-06 1
1 VTX -0.0408381 0.0408381 1.44253 5e-05 0.0937 2 0 1.5708 5e-06 5e-06 1
1 VTX -0.314287 0.314287 1.26991 5e-05 0.0937 2 0 1.5708 5e-06 5e-06 1
1 VTX -1.07279 1.07279 1.12603 5e-05 0.0937 2 0 1.5708 5e-06 5e-06 1
1 VTX -1.18946 1.18946 0.818744 5e-05 0.0937 2 0 1.5708 5e-06 5e-06 1
1 VTX -0.916821 0.916821 0.888392 5e-05 0.0937 2 0 1.5708 5e-06 5e-06 1
1 VTX -1.39093 1.39093 1.44858 5e-05 0.0937 2 0 1.5708 5e-06 5e-06 1
1 VTX -0.065 0.065 0.028 0.000557 0.0937 0 0 0 0 0 0
1 VTX -0.065 0.065 0.051 0.000557 0.0937 0 0 0 0 0 0
1 VTX -0.065 0.065 0.074 0.000557 0.0937 0 0 0 0 0 0
1 VTX -0.065 0.065 0.102 0.000557 0.0937 0 0 0 0 0 0
1 VTX -0.5 0.5 0.113 0.000337 0.0937 0 0 0 0 0 0
1 ITK -0.983594 0.983594 0.918411 0.000956 0.0937 2 0 1.5708 7e-06 9e-05 1
1 ITK -1.37414 1.37414 0.428479 0.000956 0.0937 2 0 1.5708 7e-06 9e-05 1
1 ITK -1.27806 1.27806 0.458485 0.000956 0.0937 2 0 1.5708 7e-06 9e-05 1
1 ITK -0.4816 0.4816 0.132 0.00017 0.0937 0 0 0 0 0 0
1 ITK -0.4816 0.4816 0.345 0.00017 0.0937 0 0 0 0 0 0
1 ITK -0.6923 0.6923 0.559 0.00017 0.0937 0 0 0 0 0 0
1 ITK -2.3 2.3 0.57 0.00125 0.0937 0 0 0 0 0 0
1 ITK -2.3 2.3 0.5705 0.000281 0.0937 0 0 0 0 0 0
1 OTK -0.685187 0.685187 0.264595 0.000956 0.0937 2 0 1.5708 7e-06 9e-05 1
1 OTK -0.161207 0.161207 0.0431419 0.000956 0.0937 2 0 1.5708 7e-06 9e-05 1
1 OTK -0.568811 0.568811 0.646634 0.000956 0.0937 2 0 1.5708 7e-06 9e-05 1
1 OTK -1.2642 1.2642 0.824 0.000244 0.0937 0 0 0 0 0 0
1 OTK -1.2642 1.2642 1.143 0.000117 0.0937 0 0 0 0 0 0
1 OTK -1.2642 1.2642 1.476 0.000117 0.0937 0 0 0 0 0 0
2 VTXDSK 0.05 0.112 -0.28 5e-05 0.0937 2 0 1.5708 5e-06 5e-06 1
2 VTXDSK 0.035 0.112 -0.2 5e-05 0.0937 2 0 1.5708 5e-06 5e-06 1
2 VTXDSK 0.028 0.112 -0.12 5e-05 0.0937 2 0 1.5708 5e-06 5e-06 1
2 VTXDSK 0.022 0.112 -0.08 5e-05 0.0937 2 0 1.5708 5e-06 5e-06 1
2 VTXDSK 0.022 0.112 0.08 5e-05 0.0937 2 0 1.5708 5e-06 5e-06 1
2 VTXDSK 0.028 0.112 0.12 5e-05 0.0937 2 0 1.5708 5e-06 5e-06 1
2 VTXDSK 0.035 0.112 0.2 5e-05 0.0937 2 0 1.5708 5e-06 5e-06 1
2 VTXDSK 0.05 0.112 0.28 5e-05 0.0937 2 0 1.5708 5e-06 5e-06 1
2 ITKDSK 0.284 0.56 -2.19 0.000956 0.0937 2 0 1.5708 7e-06 9e-05 1
2 ITKDSK 0.264 0.56 -1.946 0.000956 0.0937 2 0 1.5708 7e-06 9e-05 1
2 ITKDSK 0.237 0.56 -1.661 0.000956 0.0937 2 0 1.5708 7e-06 9e-05 1
2 ITKDSK 0.212 0.56 -1.377 0.000956 0.0937 2 0 1.5708 7e-06 9e-05 1
2 ITKDSK 0.19 0.56 -1.093 0.000956 0.0937 2 0 1.5708 7e-06 9e-05 1
2 ITKDSK 0.147 0.56 -0.808 0.000956 0.0937 2 0 1.5708 7e-06 9e-05 1
2 ITKDSK 0.095 0.41 -0.524 0.000956 0.0937 2 0 1.5708 7e-06 9e-05 1
2 ITKDSK 0.095 0.41 0.524 0.000956 0.0937 2 0 1.5708 7e-06 9e-05 1
2 ITKDSK 0.147 0.56 0.808 0.000956 0.0937 2 0 1.5708 7e-06 9e-05 1
2 ITKDSK 0.19 0.56 1.093 0.000956 0.0937 2 0 1.5708 7e-06 9e-05 1
2 ITKDSK 0.212 0.56 1.377 0.000956 0.0937 2 0 1.5708 7e-06 9e-05 1
2 ITKDSK 0.237 0.56 1.661 0.000956 0.0937 2 0 1.5708 7e-06 9e-05 1
2 ITKDSK 0.264 0.56 1.946 0.000956 0.0937 2 0 1.5708 7e-06 9e-05 1
2 ITKDSK 0.284 0.56 2.19 0.000956 0.0937 2 0 1.5708 7e-06 9e-05 1
2 OTKDSK 0.6175 1.4302 -2.19 0.000956 0.0937 2 0 1.5708 7e-06 9e-05 1
2 OTKDSK 0.6175 1.4302 -1.883 0.000956 0.0937 2 0 1.5708 7e-06 9e-05 1
2 OTKDSK 0.6175 1.4302 -1.617 0.000956 0.0937 2 0 1.5708 7e-06 9e-05 1
2 OTKDSK 0.6175 1.4302 -1.31 0.000956 0.0937 2 0 1.5708 7e-06 9e-05 1
2 OTKDSK 0.6175 1.4302 1.31 0.000956 0.0937 2 0 1.5708 7e-06 9e-05 1
2 OTKDSK 0.6175 1.4302 1.617 0.000956 0.0937 2 0 1.5708 7e-06 9e-05 1
2 OTKDSK 0.6175 1.4302 1.883 0.000956 0.0937 2 0 1.5708 7e-06 9e-05 1
2 OTKDSK 0.6175 1.4302 2.19 0.000956 0.0937 2 0 1.5708 7e-06 9e-05 1
2 OTKDSK 0.6175 1.4302 -2.18 0.000342 0.0937 0 0 0 0 0 0
2 OTKDSK 0.6175 1.4302 -1.893 0.000342 0.0937 0 0 0 0 0 0
2 OTKDSK 0.6175 1.4302 -1.607 0.000342 0.0937 0 0 0 0 0 0
2 OTKDSK 0.6175 1.4302 -1.32 0.000342 0.0937 0 0 0 0 0 0
2 OTKDSK 0.6175 1.4302 1.32 0.000342 0.0937 0 0 0 0 0 0
2 OTKDSK 0.6175 1.4302 1.607 0.000342 0.0937 0 0 0 0 0 0
2 OTKDSK 0.6175 1.4302 1.893 0.000342 0.0937 0 0 0 0 0 0
2 OTKDSK 0.6175 1.4302 2.18 0.000342 0.0937 0 0 0 0 0 0
SolGeom::GeoRead completed with 66 layers input
i = 0, Detector = PIPE
i = 1, Detector = VTX
i = 2, Detector = ITK
i = 3, Detector = OTK
i = 4, Detector = VTXDSK
i = 5, Detector = ITKDSK
i = 6, Detector = OTKDSK
SolTrack::CovCalc: Error matrix not positive definite. Recovering ....
   ------------------------------------------------------------------
  | Welcome to ROOT 6.37.01                        https://root.cern |
  | (c) 1995-2025, The ROOT Team; conception: R. Brun, F. Rademakers |
  | Built for linuxx8664gcc on Oct 14 2025, 03:00:55                 |
  | From heads/master@599cbfd2                                       |
  | With c++ (GCC) 14.2.1 20250110 (Red Hat 14.2.1-7)                |
  | Try '.help'/'.?', '.demo', '.license', '.credits', '.quit'/'.q'  |
   ------------------------------------------------------------------


Processing LoadAll.c("CLD")...
Processing RunMetrics.cc+("opt/GeoOPT.txt", "opt/metrics.root")...
1 PIPE -100 100 0.0228 0.0012 0.35276 0 0 0 0 0 0
1 VTX -0.670218 0.670218 1.00989 5e-05 0.0937 2 0 1.5708 5e-06 5e-06 1
1 VTX -0.318544 0.318544 1.00557 5e-05 0.0937 2 0 1.5708 5e-06 5e-06 1
1 VTX -1.34573 1.34573 0.895121 5e-05 0.0937 2 0 1.5708 5e-06 5e-06 1
1 VTX -0.723548 0.723548 0.426588 5e-05 0.0937 2 0 1.5708 5e-06 5e-06 1
1 VTX -0.853648 0.853648 0.85064 5e-05 0.0937 2 0 1.5708 5e-06 5e-06 1
1 VTX -1.04936 1.04936 0.586732 5e-05 0.0937 2 0 1.5708 5e-06 5e-06 1
1 VTX -0.226211 0.226211 1.45813 5e-05 0.0937 2 0 1.5708 5e-06 5e-06 1
1 VTX -0.914538 0.914538 1.27639 5e-05 0.0937 2 0 1.5708 5e-06 5e-06 1
1 VTX -0.065 0.065 0.028 0.000557 0.0937 0 0 0 0 0 0
1 VTX -0.065 0.065 0.051 0.000557 0.0937 0 0 0 0 0 0
1 VTX -0.065 0.065 0.074 0.000557 0.0937 0 0 0 0 0 0
1 VTX -0.065 0.065 0.102 0.000557 0.0937 0 0 0 0 0 0
1 VTX -0.5 0.5 0.113 0.000337 0.0937 0 0 0 0 0 0
1 ITK -0.818965 0.818965 1.08816 0.000956 0.0937 2 0 1.5708 7e-06 9e-05 1
1 ITK -0.320531 0.320531 0.369258 0.000956 0.0937 2 0 1.5708 7e-06 9e-05 1
1 ITK -1.41542 1.41542 0.398981 0.000956 0.0937 2 0 1.5708 7e-06 9e-05 1
1 ITK -0.4816 0.4816 0.132 0.00017 0.0937 0 0 0 0 0 0
1 ITK -0.4816 0.4816 0.345 0.00017 0.0937 0 0 0 0 0 0
1 ITK -0.6923 0.6923 0.559 0.00017 0.0937 0 0 0 0 0 0
1 ITK -2.3 2.3 0.57 0.00125 0.0937 0 0 0 0 0 0
1 ITK -2.3 2.3 0.5705 0.000281 0.0937 0 0 0 0 0 0
1 OTK -0.906321 0.906321 0.0798417 0.000956 0.0937 2 0 1.5708 7e-06 9e-05 1
1 OTK -1.04828 1.04828 1.07178 0.000956 0.0937 2 0 1.5708 7e-06 9e-05 1
1 OTK -1.32309 1.32309 0.184118 0.000956 0.0937 2 0 1.5708 7e-06 9e-05 1
1 OTK -1.2642 1.2642 0.824 0.000244 0.0937 0 0 0 0 0 0
1 OTK -1.2642 1.2642 1.143 0.000117 0.0937 0 0 0 0 0 0
1 OTK -1.2642 1.2642 1.476 0.000117 0.0937 0 0 0 0 0 0
2 VTXDSK 0.05 0.112 -0.28 5e-05 0.0937 2 0 1.5708 5e-06 5e-06 1
2 VTXDSK 0.035 0.112 -0.2 5e-05 0.0937 2 0 1.5708 5e-06 5e-06 1
2 VTXDSK 0.028 0.112 -0.12 5e-05 0.0937 2 0 1.5708 5e-06 5e-06 1
2 VTXDSK 0.022 0.112 -0.08 5e-05 0.0937 2 0 1.5708 5e-06 5e-06 1
2 VTXDSK 0.022 0.112 0.08 5e-05 0.0937 2 0 1.5708 5e-06 5e-06 1
2 VTXDSK 0.028 0.112 0.12 5e-05 0.0937 2 0 1.5708 5e-06 5e-06 1
2 VTXDSK 0.035 0.112 0.2 5e-05 0.0937 2 0 1.5708 5e-06 5e-06 1
2 VTXDSK 0.05 0.112 0.28 5e-05 0.0937 2 0 1.5708 5e-06 5e-06 1
2 ITKDSK 0.284 0.56 -2.19 0.000956 0.0937 2 0 1.5708 7e-06 9e-05 1
2 ITKDSK 0.264 0.56 -1.946 0.000956 0.0937 2 0 1.5708 7e-06 9e-05 1
2 ITKDSK 0.237 0.56 -1.661 0.000956 0.0937 2 0 1.5708 7e-06 9e-05 1
2 ITKDSK 0.212 0.56 -1.377 0.000956 0.0937 2 0 1.5708 7e-06 9e-05 1
2 ITKDSK 0.19 0.56 -1.093 0.000956 0.0937 2 0 1.5708 7e-06 9e-05 1
2 ITKDSK 0.147 0.56 -0.808 0.000956 0.0937 2 0 1.5708 7e-06 9e-05 1
2 ITKDSK 0.095 0.41 -0.524 0.000956 0.0937 2 0 1.5708 7e-06 9e-05 1
2 ITKDSK 0.095 0.41 0.524 0.000956 0.0937 2 0 1.5708 7e-06 9e-05 1
2 ITKDSK 0.147 0.56 0.808 0.000956 0.0937 2 0 1.5708 7e-06 9e-05 1
2 ITKDSK 0.19 0.56 1.093 0.000956 0.0937 2 0 1.5708 7e-06 9e-05 1
2 ITKDSK 0.212 0.56 1.377 0.000956 0.0937 2 0 1.5708 7e-06 9e-05 1
2 ITKDSK 0.237 0.56 1.661 0.000956 0.0937 2 0 1.5708 7e-06 9e-05 1
2 ITKDSK 0.264 0.56 1.946 0.000956 0.0937 2 0 1.5708 7e-06 9e-05 1
2 ITKDSK 0.284 0.56 2.19 0.000956 0.0937 2 0 1.5708 7e-06 9e-05 1
2 OTKDSK 0.6175 1.4302 -2.19 0.000956 0.0937 2 0 1.5708 7e-06 9e-05 1
2 OTKDSK 0.6175 1.4302 -1.883 0.000956 0.0937 2 0 1.5708 7e-06 9e-05 1
2 OTKDSK 0.6175 1.4302 -1.617 0.000956 0.0937 2 0 1.5708 7e-06 9e-05 1
2 OTKDSK 0.6175 1.4302 -1.31 0.000956 0.0937 2 0 1.5708 7e-06 9e-05 1
2 OTKDSK 0.6175 1.4302 1.31 0.000956 0.0937 2 0 1.5708 7e-06 9e-05 1
2 OTKDSK 0.6175 1.4302 1.617 0.000956 0.0937 2 0 1.5708 7e-06 9e-05 1
2 OTKDSK 0.6175 1.4302 1.883 0.000956 0.0937 2 0 1.5708 7e-06 9e-05 1
2 OTKDSK 0.6175 1.4302 2.19 0.000956 0.0937 2 0 1.5708 7e-06 9e-05 1
2 OTKDSK 0.6175 1.4302 -2.18 0.000342 0.0937 0 0 0 0 0 0
2 OTKDSK 0.6175 1.4302 -1.893 0.000342 0.0937 0 0 0 0 0 0
2 OTKDSK 0.6175 1.4302 -1.607 0.000342 0.0937 0 0 0 0 0 0
2 OTKDSK 0.6175 1.4302 -1.32 0.000342 0.0937 0 0 0 0 0 0
2 OTKDSK 0.6175 1.4302 1.32 0.000342 0.0937 0 0 0 0 0 0
2 OTKDSK 0.6175 1.4302 1.607 0.000342 0.0937 0 0 0 0 0 0
2 OTKDSK 0.6175 1.4302 1.893 0.000342 0.0937 0 0 0 0 0 0
2 OTKDSK 0.6175 1.4302 2.18 0.000342 0.0937 0 0 0 0 0 0
SolGeom::GeoRead completed with 66 layers input
i = 0, Detector = PIPE
i = 1, Detector = VTX
i = 2, Detector = ITK
i = 3, Detector = OTK
i = 4, Detector = VTXDSK
i = 5, Detector = ITKDSK
i = 6, Detector = OTKDSK
SolTrack::CovCalc: Error matrix not positive definite. Recovering ....
SolTrack::CovCalc: Error matrix not positive definite. Recovering ....
   ------------------------------------------------------------------
  | Welcome to ROOT 6.37.01                        https://root.cern |
  | (c) 1995-2025, The ROOT Team; conception: R. Brun, F. Rademakers |
  | Built for linuxx8664gcc on Oct 14 2025, 03:00:55                 |
  | From heads/master@599cbfd2                                       |
  | With c++ (GCC) 14.2.1 20250110 (Red Hat 14.2.1-7)                |
  | Try '.help'/'.?', '.demo', '.license', '.credits', '.quit'/'.q'  |
   ------------------------------------------------------------------


Processing LoadAll.c("CLD")...
Processing RunMetrics.cc+("opt/GeoOPT.txt", "opt/metrics.root")...
1 PIPE -100 100 0.0228 0.0012 0.35276 0 0 0 0 0 0
1 VTX -0.541802 0.541802 0.944044 5e-05 0.0937 2 0 1.5708 5e-06 5e-06 1
1 VTX -0.471076 0.471076 0.457538 5e-05 0.0937 2 0 1.5708 5e-06 5e-06 1
1 VTX -0.263691 0.263691 0.176132 5e-05 0.0937 2 0 1.5708 5e-06 5e-06 1
1 VTX -0.810452 0.810452 0.695671 5e-05 0.0937 2 0 1.5708 5e-06 5e-06 1
1 VTX -0.737548 0.737548 0.343292 5e-05 0.0937 2 0 1.5708 5e-06 5e-06 1
1 VTX -1.04481 1.04481 0.636435 5e-05 0.0937 2 0 1.5708 5e-06 5e-06 1
1 VTX -0.41873 0.41873 1.32725 5e-05 0.0937 2 0 1.5708 5e-06 5e-06 1
1 VTX -0.381306 0.381306 0.500031 5e-05 0.0937 2 0 1.5708 5e-06 5e-06 1
1 VTX -0.065 0.065 0.028 0.000557 0.0937 0 0 0 0 0 0
1 VTX -0.065 0.065 0.051 0.000557 0.0937 0 0 0 0 0 0
1 VTX -0.065 0.065 0.074 0.000557 0.0937 0 0 0 0 0 0
1 VTX -0.065 0.065 0.102 0.000557 0.0937 0 0 0 0 0 0
1 VTX -0.5 0.5 0.113 0.000337 0.0937 0 0 0 0 0 0
1 ITK -0.269071 0.269071 0.20069 0.000956 0.0937 2 0 1.5708 7e-06 9e-05 1
1 ITK -0.343771 0.343771 0.547321 0.000956 0.0937 2 0 1.5708 7e-06 9e-05 1
1 ITK -0.845991 0.845991 1.36211 0.000956 0.0937 2 0 1.5708 7e-06 9e-05 1
1 ITK -0.4816 0.4816 0.132 0.00017 0.0937 0 0 0 0 0 0
1 ITK -0.4816 0.4816 0.345 0.00017 0.0937 0 0 0 0 0 0
1 ITK -0.6923 0.6923 0.559 0.00017 0.0937 0 0 0 0 0 0
1 ITK -2.3 2.3 0.57 0.00125 0.0937 0 0 0 0 0 0
1 ITK -2.3 2.3 0.5705 0.000281 0.0937 0 0 0 0 0 0
1 OTK -0.617678 0.617678 0.422756 0.000956 0.0937 2 0 1.5708 7e-06 9e-05 1
1 OTK -0.116041 0.116041 0.978581 0.000956 0.0937 2 0 1.5708 7e-06 9e-05 1
1 OTK -0.395795 0.395795 0.0207702 0.000956 0.0937 2 0 1.5708 7e-06 9e-05 1
1 OTK -1.2642 1.2642 0.824 0.000244 0.0937 0 0 0 0 0 0
1 OTK -1.2642 1.2642 1.143 0.000117 0.0937 0 0 0 0 0 0
1 OTK -1.2642 1.2642 1.476 0.000117 0.0937 0 0 0 0 0 0
2 VTXDSK 0.05 0.112 -0.28 5e-05 0.0937 2 0 1.5708 5e-06 5e-06 1
2 VTXDSK 0.035 0.112 -0.2 5e-05 0.0937 2 0 1.5708 5e-06 5e-06 1
2 VTXDSK 0.028 0.112 -0.12 5e-05 0.0937 2 0 1.5708 5e-06 5e-06 1
2 VTXDSK 0.022 0.112 -0.08 5e-05 0.0937 2 0 1.5708 5e-06 5e-06 1
2 VTXDSK 0.022 0.112 0.08 5e-05 0.0937 2 0 1.5708 5e-06 5e-06 1
2 VTXDSK 0.028 0.112 0.12 5e-05 0.0937 2 0 1.5708 5e-06 5e-06 1
2 VTXDSK 0.035 0.112 0.2 5e-05 0.0937 2 0 1.5708 5e-06 5e-06 1
2 VTXDSK 0.05 0.112 0.28 5e-05 0.0937 2 0 1.5708 5e-06 5e-06 1
2 ITKDSK 0.284 0.56 -2.19 0.000956 0.0937 2 0 1.5708 7e-06 9e-05 1
2 ITKDSK 0.264 0.56 -1.946 0.000956 0.0937 2 0 1.5708 7e-06 9e-05 1
2 ITKDSK 0.237 0.56 -1.661 0.000956 0.0937 2 0 1.5708 7e-06 9e-05 1
2 ITKDSK 0.212 0.56 -1.377 0.000956 0.0937 2 0 1.5708 7e-06 9e-05 1
2 ITKDSK 0.19 0.56 -1.093 0.000956 0.0937 2 0 1.5708 7e-06 9e-05 1
2 ITKDSK 0.147 0.56 -0.808 0.000956 0.0937 2 0 1.5708 7e-06 9e-05 1
2 ITKDSK 0.095 0.41 -0.524 0.000956 0.0937 2 0 1.5708 7e-06 9e-05 1
2 ITKDSK 0.095 0.41 0.524 0.000956 0.0937 2 0 1.5708 7e-06 9e-05 1
2 ITKDSK 0.147 0.56 0.808 0.000956 0.0937 2 0 1.5708 7e-06 9e-05 1
2 ITKDSK 0.19 0.56 1.093 0.000956 0.0937 2 0 1.5708 7e-06 9e-05 1
2 ITKDSK 0.212 0.56 1.377 0.000956 0.0937 2 0 1.5708 7e-06 9e-05 1
2 ITKDSK 0.237 0.56 1.661 0.000956 0.0937 2 0 1.5708 7e-06 9e-05 1
2 ITKDSK 0.264 0.56 1.946 0.000956 0.0937 2 0 1.5708 7e-06 9e-05 1
2 ITKDSK 0.284 0.56 2.19 0.000956 0.0937 2 0 1.5708 7e-06 9e-05 1
2 OTKDSK 0.6175 1.4302 -2.19 0.000956 0.0937 2 0 1.5708 7e-06 9e-05 1
2 OTKDSK 0.6175 1.4302 -1.883 0.000956 0.0937 2 0 1.5708 7e-06 9e-05 1
2 OTKDSK 0.6175 1.4302 -1.617 0.000956 0.0937 2 0 1.5708 7e-06 9e-05 1
2 OTKDSK 0.6175 1.4302 -1.31 0.000956 0.0937 2 0 1.5708 7e-06 9e-05 1
2 OTKDSK 0.6175 1.4302 1.31 0.000956 0.0937 2 0 1.5708 7e-06 9e-05 1
2 OTKDSK 0.6175 1.4302 1.617 0.000956 0.0937 2 0 1.5708 7e-06 9e-05 1
2 OTKDSK 0.6175 1.4302 1.883 0.000956 0.0937 2 0 1.5708 7e-06 9e-05 1
2 OTKDSK 0.6175 1.4302 2.19 0.000956 0.0937 2 0 1.5708 7e-06 9e-05 1
2 OTKDSK 0.6175 1.4302 -2.18 0.000342 0.0937 0 0 0 0 0 0
2 OTKDSK 0.6175 1.4302 -1.893 0.000342 0.0937 0 0 0 0 0 0
2 OTKDSK 0.6175 1.4302 -1.607 0.000342 0.0937 0 0 0 0 0 0
2 OTKDSK 0.6175 1.4302 -1.32 0.000342 0.0937 0 0 0 0 0 0
2 OTKDSK 0.6175 1.4302 1.32 0.000342 0.0937 0 0 0 0 0 0
2 OTKDSK 0.6175 1.4302 1.607 0.000342 0.0937 0 0 0 0 0 0
2 OTKDSK 0.6175 1.4302 1.893 0.000342 0.0937 0 0 0 0 0 0
2 OTKDSK 0.6175 1.4302 2.18 0.000342 0.0937 0 0 0 0 0 0
SolGeom::GeoRead completed with 66 layers input
i = 0, Detector = PIPE
i = 1, Detector = VTX
i = 2, Detector = ITK
i = 3, Detector = OTK
i = 4, Detector = VTXDSK
i = 5, Detector = ITKDSK
i = 6, Detector = OTKDSK
   ------------------------------------------------------------------
  | Welcome to ROOT 6.37.01                        https://root.cern |
  | (c) 1995-2025, The ROOT Team; conception: R. Brun, F. Rademakers |
  | Built for linuxx8664gcc on Oct 14 2025, 03:00:55                 |
  | From heads/master@599cbfd2                                       |
  | With c++ (GCC) 14.2.1 20250110 (Red Hat 14.2.1-7)                |
  | Try '.help'/'.?', '.demo', '.license', '.credits', '.quit'/'.q'  |
   ------------------------------------------------------------------


Processing LoadAll.c("CLD")...
Processing RunMetrics.cc+("opt/GeoOPT.txt", "opt/metrics.root")...
1 PIPE -100 100 0.0228 0.0012 0.35276 0 0 0 0 0 0
1 VTX -0.838282 0.838282 0.385377 5e-05 0.0937 2 0 1.5708 5e-06 5e-06 1
1 VTX -0.897191 0.897191 1.05053 5e-05 0.0937 2 0 1.5708 5e-06 5e-06 1
1 VTX -0.139663 0.139663 1.07416 5e-05 0.0937 2 0 1.5708 5e-06 5e-06 1
1 VTX -0.567089 0.567089 0.239169 5e-05 0.0937 2 0 1.5708 5e-06 5e-06 1
1 VTX -0.378397 0.378397 1.49666 5e-05 0.0937 2 0 1.5708 5e-06 5e-06 1
1 VTX -1.20865 1.20865 0.414836 5e-05 0.0937 2 0 1.5708 5e-06 5e-06 1
1 VTX -0.716045 0.716045 1.46539 5e-05 0.0937 2 0 1.5708 5e-06 5e-06 1
1 VTX -1.47547 1.47547 0.628335 5e-05 0.0937 2 0 1.5708 5e-06 5e-06 1
1 VTX -0.065 0.065 0.028 0.000557 0.0937 0 0 0 0 0 0
1 VTX -0.065 0.065 0.051 0.000557 0.0937 0 0 0 0 0 0
1 VTX -0.065 0.065 0.074 0.000557 0.0937 0 0 0 0 0 0
1 VTX -0.065 0.065 0.102 0.000557 0.0937 0 0 0 0 0 0
1 VTX -0.5 0.5 0.113 0.000337 0.0937 0 0 0 0 0 0
1 ITK -0.61026 0.61026 0.0689151 0.000956 0.0937 2 0 1.5708 7e-06 9e-05 1
1 ITK -1.22832 1.22832 0.530705 0.000956 0.0937 2 0 1.5708 7e-06 9e-05 1
1 ITK -1.20155 1.20155 0.95884 0.000956 0.0937 2 0 1.5708 7e-06 9e-05 1
1 ITK -0.4816 0.4816 0.132 0.00017 0.0937 0 0 0 0 0 0
1 ITK -0.4816 0.4816 0.345 0.00017 0.0937 0 0 0 0 0 0
1 ITK -0.6923 0.6923 0.559 0.00017 0.0937 0 0 0 0 0 0
1 ITK -2.3 2.3 0.57 0.00125 0.0937 0 0 0 0 0 0
1 ITK -2.3 2.3 0.5705 0.000281 0.0937 0 0 0 0 0 0
1 OTK -0.243062 0.243062 1.02744 0.000956 0.0937 2 0 1.5708 7e-06 9e-05 1
1 OTK -0.772134 0.772134 0.805783 0.000956 0.0937 2 0 1.5708 7e-06 9e-05 1
1 OTK -1.0498 1.0498 0.682719 0.000956 0.0937 2 0 1.5708 7e-06 9e-05 1
1 OTK -1.2642 1.2642 0.824 0.000244 0.0937 0 0 0 0 0 0
1 OTK -1.2642 1.2642 1.143 0.000117 0.0937 0 0 0 0 0 0
1 OTK -1.2642 1.2642 1.476 0.000117 0.0937 0 0 0 0 0 0
2 VTXDSK 0.05 0.112 -0.28 5e-05 0.0937 2 0 1.5708 5e-06 5e-06 1
2 VTXDSK 0.035 0.112 -0.2 5e-05 0.0937 2 0 1.5708 5e-06 5e-06 1
2 VTXDSK 0.028 0.112 -0.12 5e-05 0.0937 2 0 1.5708 5e-06 5e-06 1
2 VTXDSK 0.022 0.112 -0.08 5e-05 0.0937 2 0 1.5708 5e-06 5e-06 1
2 VTXDSK 0.022 0.112 0.08 5e-05 0.0937 2 0 1.5708 5e-06 5e-06 1
2 VTXDSK 0.028 0.112 0.12 5e-05 0.0937 2 0 1.5708 5e-06 5e-06 1
2 VTXDSK 0.035 0.112 0.2 5e-05 0.0937 2 0 1.5708 5e-06 5e-06 1
2 VTXDSK 0.05 0.112 0.28 5e-05 0.0937 2 0 1.5708 5e-06 5e-06 1
2 ITKDSK 0.284 0.56 -2.19 0.000956 0.0937 2 0 1.5708 7e-06 9e-05 1
2 ITKDSK 0.264 0.56 -1.946 0.000956 0.0937 2 0 1.5708 7e-06 9e-05 1
2 ITKDSK 0.237 0.56 -1.661 0.000956 0.0937 2 0 1.5708 7e-06 9e-05 1
2 ITKDSK 0.212 0.56 -1.377 0.000956 0.0937 2 0 1.5708 7e-06 9e-05 1
2 ITKDSK 0.19 0.56 -1.093 0.000956 0.0937 2 0 1.5708 7e-06 9e-05 1
2 ITKDSK 0.147 0.56 -0.808 0.000956 0.0937 2 0 1.5708 7e-06 9e-05 1
2 ITKDSK 0.095 0.41 -0.524 0.000956 0.0937 2 0 1.5708 7e-06 9e-05 1
2 ITKDSK 0.095 0.41 0.524 0.000956 0.0937 2 0 1.5708 7e-06 9e-05 1
2 ITKDSK 0.147 0.56 0.808 0.000956 0.0937 2 0 1.5708 7e-06 9e-05 1
2 ITKDSK 0.19 0.56 1.093 0.000956 0.0937 2 0 1.5708 7e-06 9e-05 1
2 ITKDSK 0.212 0.56 1.377 0.000956 0.0937 2 0 1.5708 7e-06 9e-05 1
2 ITKDSK 0.237 0.56 1.661 0.000956 0.0937 2 0 1.5708 7e-06 9e-05 1
2 ITKDSK 0.264 0.56 1.946 0.000956 0.0937 2 0 1.5708 7e-06 9e-05 1
2 ITKDSK 0.284 0.56 2.19 0.000956 0.0937 2 0 1.5708 7e-06 9e-05 1
2 OTKDSK 0.6175 1.4302 -2.19 0.000956 0.0937 2 0 1.5708 7e-06 9e-05 1
2 OTKDSK 0.6175 1.4302 -1.883 0.000956 0.0937 2 0 1.5708 7e-06 9e-05 1
2 OTKDSK 0.6175 1.4302 -1.617 0.000956 0.0937 2 0 1.5708 7e-06 9e-05 1
2 OTKDSK 0.6175 1.4302 -1.31 0.000956 0.0937 2 0 1.5708 7e-06 9e-05 1
2 OTKDSK 0.6175 1.4302 1.31 0.000956 0.0937 2 0 1.5708 7e-06 9e-05 1
2 OTKDSK 0.6175 1.4302 1.617 0.000956 0.0937 2 0 1.5708 7e-06 9e-05 1
2 OTKDSK 0.6175 1.4302 1.883 0.000956 0.0937 2 0 1.5708 7e-06 9e-05 1
2 OTKDSK 0.6175 1.4302 2.19 0.000956 0.0937 2 0 1.5708 7e-06 9e-05 1
2 OTKDSK 0.6175 1.4302 -2.18 0.000342 0.0937 0 0 0 0 0 0
2 OTKDSK 0.6175 1.4302 -1.893 0.000342 0.0937 0 0 0 0 0 0
2 OTKDSK 0.6175 1.4302 -1.607 0.000342 0.0937 0 0 0 0 0 0
2 OTKDSK 0.6175 1.4302 -1.32 0.000342 0.0937 0 0 0 0 0 0
2 OTKDSK 0.6175 1.4302 1.32 0.000342 0.0937 0 0 0 0 0 0
2 OTKDSK 0.6175 1.4302 1.607 0.000342 0.0937 0 0 0 0 0 0
2 OTKDSK 0.6175 1.4302 1.893 0.000342 0.0937 0 0 0 0 0 0
2 OTKDSK 0.6175 1.4302 2.18 0.000342 0.0937 0 0 0 0 0 0
SolGeom::GeoRead completed with 66 layers input
i = 0, Detector = PIPE
i = 1, Detector = VTX
i = 2, Detector = ITK
i = 3, Detector = OTK
i = 4, Detector = VTXDSK
i = 5, Detector = ITKDSK
i = 6, Detector = OTKDSK
   ------------------------------------------------------------------
  | Welcome to ROOT 6.37.01                        https://root.cern |
  | (c) 1995-2025, The ROOT Team; conception: R. Brun, F. Rademakers |
  | Built for linuxx8664gcc on Oct 14 2025, 03:00:55                 |
  | From heads/master@599cbfd2                                       |
  | With c++ (GCC) 14.2.1 20250110 (Red Hat 14.2.1-7)                |
  | Try '.help'/'.?', '.demo', '.license', '.credits', '.quit'/'.q'  |
   ------------------------------------------------------------------


Processing LoadAll.c("CLD")...
Processing RunMetrics.cc+("opt/GeoOPT.txt", "opt/metrics.root")...
1 PIPE -100 100 0.0228 0.0012 0.35276 0 0 0 0 0 0
1 VTX -0.821343 0.821343 1.29037 5e-05 0.0937 2 0 1.5708 5e-06 5e-06 1
1 VTX -1.04976 1.04976 0.502419 5e-05 0.0937 2 0 1.5708 5e-06 5e-06 1
1 VTX -0.358254 0.358254 0.345957 5e-05 0.0937 2 0 1.5708 5e-06 5e-06 1
1 VTX -0.278933 0.278933 1.0725 5e-05 0.0937 2 0 1.5708 5e-06 5e-06 1
1 VTX -1.47361 1.47361 1.21806 5e-05 0.0937 2 0 1.5708 5e-06 5e-06 1
1 VTX -0.784621 0.784621 0.536026 5e-05 0.0937 2 0 1.5708 5e-06 5e-06 1
1 VTX -0.406027 0.406027 0.162341 5e-05 0.0937 2 0 1.5708 5e-06 5e-06 1
1 VTX -1.49446 1.49446 1.41197 5e-05 0.0937 2 0 1.5708 5e-06 5e-06 1
1 VTX -0.065 0.065 0.028 0.000557 0.0937 0 0 0 0 0 0
1 VTX -0.065 0.065 0.051 0.000557 0.0937 0 0 0 0 0 0
1 VTX -0.065 0.065 0.074 0.000557 0.0937 0 0 0 0 0 0
1 VTX -0.065 0.065 0.102 0.000557 0.0937 0 0 0 0 0 0
1 VTX -0.5 0.5 0.113 0.000337 0.0937 0 0 0 0 0 0
1 ITK -1.44882 1.44882 0.608407 0.000956 0.0937 2 0 1.5708 7e-06 9e-05 1
1 ITK -0.846274 0.846274 0.786272 0.000956 0.0937 2 0 1.5708 7e-06 9e-05 1
1 ITK -1.3263 1.3263 1.25981 0.000956 0.0937 2 0 1.5708 7e-06 9e-05 1
1 ITK -0.4816 0.4816 0.132 0.00017 0.0937 0 0 0 0 0 0
1 ITK -0.4816 0.4816 0.345 0.00017 0.0937 0 0 0 0 0 0
1 ITK -0.6923 0.6923 0.559 0.00017 0.0937 0 0 0 0 0 0
1 ITK -2.3 2.3 0.57 0.00125 0.0937 0 0 0 0 0 0
1 ITK -2.3 2.3 0.5705 0.000281 0.0937 0 0 0 0 0 0
1 OTK -0.299287 0.299287 1.02002 0.000956 0.0937 2 0 1.5708 7e-06 9e-05 1
1 OTK -0.43273 0.43273 1.10812 0.000956 0.0937 2 0 1.5708 7e-06 9e-05 1
1 OTK -1.05653 1.05653 0.329426 0.000956 0.0937 2 0 1.5708 7e-06 9e-05 1
1 OTK -1.2642 1.2642 0.824 0.000244 0.0937 0 0 0 0 0 0
1 OTK -1.2642 1.2642 1.143 0.000117 0.0937 0 0 0 0 0 0
1 OTK -1.2642 1.2642 1.476 0.000117 0.0937 0 0 0 0 0 0
2 VTXDSK 0.05 0.112 -0.28 5e-05 0.0937 2 0 1.5708 5e-06 5e-06 1
2 VTXDSK 0.035 0.112 -0.2 5e-05 0.0937 2 0 1.5708 5e-06 5e-06 1
2 VTXDSK 0.028 0.112 -0.12 5e-05 0.0937 2 0 1.5708 5e-06 5e-06 1
2 VTXDSK 0.022 0.112 -0.08 5e-05 0.0937 2 0 1.5708 5e-06 5e-06 1
2 VTXDSK 0.022 0.112 0.08 5e-05 0.0937 2 0 1.5708 5e-06 5e-06 1
2 VTXDSK 0.028 0.112 0.12 5e-05 0.0937 2 0 1.5708 5e-06 5e-06 1
2 VTXDSK 0.035 0.112 0.2 5e-05 0.0937 2 0 1.5708 5e-06 5e-06 1
2 VTXDSK 0.05 0.112 0.28 5e-05 0.0937 2 0 1.5708 5e-06 5e-06 1
2 ITKDSK 0.284 0.56 -2.19 0.000956 0.0937 2 0 1.5708 7e-06 9e-05 1
2 ITKDSK 0.264 0.56 -1.946 0.000956 0.0937 2 0 1.5708 7e-06 9e-05 1
2 ITKDSK 0.237 0.56 -1.661 0.000956 0.0937 2 0 1.5708 7e-06 9e-05 1
2 ITKDSK 0.212 0.56 -1.377 0.000956 0.0937 2 0 1.5708 7e-06 9e-05 1
2 ITKDSK 0.19 0.56 -1.093 0.000956 0.0937 2 0 1.5708 7e-06 9e-05 1
2 ITKDSK 0.147 0.56 -0.808 0.000956 0.0937 2 0 1.5708 7e-06 9e-05 1
2 ITKDSK 0.095 0.41 -0.524 0.000956 0.0937 2 0 1.5708 7e-06 9e-05 1
2 ITKDSK 0.095 0.41 0.524 0.000956 0.0937 2 0 1.5708 7e-06 9e-05 1
2 ITKDSK 0.147 0.56 0.808 0.000956 0.0937 2 0 1.5708 7e-06 9e-05 1
2 ITKDSK 0.19 0.56 1.093 0.000956 0.0937 2 0 1.5708 7e-06 9e-05 1
2 ITKDSK 0.212 0.56 1.377 0.000956 0.0937 2 0 1.5708 7e-06 9e-05 1
2 ITKDSK 0.237 0.56 1.661 0.000956 0.0937 2 0 1.5708 7e-06 9e-05 1
2 ITKDSK 0.264 0.56 1.946 0.000956 0.0937 2 0 1.5708 7e-06 9e-05 1
2 ITKDSK 0.284 0.56 2.19 0.000956 0.0937 2 0 1.5708 7e-06 9e-05 1
2 OTKDSK 0.6175 1.4302 -2.19 0.000956 0.0937 2 0 1.5708 7e-06 9e-05 1
2 OTKDSK 0.6175 1.4302 -1.883 0.000956 0.0937 2 0 1.5708 7e-06 9e-05 1
2 OTKDSK 0.6175 1.4302 -1.617 0.000956 0.0937 2 0 1.5708 7e-06 9e-05 1
2 OTKDSK 0.6175 1.4302 -1.31 0.000956 0.0937 2 0 1.5708 7e-06 9e-05 1
2 OTKDSK 0.6175 1.4302 1.31 0.000956 0.0937 2 0 1.5708 7e-06 9e-05 1
2 OTKDSK 0.6175 1.4302 1.617 0.000956 0.0937 2 0 1.5708 7e-06 9e-05 1
2 OTKDSK 0.6175 1.4302 1.883 0.000956 0.0937 2 0 1.5708 7e-06 9e-05 1
2 OTKDSK 0.6175 1.4302 2.19 0.000956 0.0937 2 0 1.5708 7e-06 9e-05 1
2 OTKDSK 0.6175 1.4302 -2.18 0.000342 0.0937 0 0 0 0 0 0
2 OTKDSK 0.6175 1.4302 -1.893 0.000342 0.0937 0 0 0 0 0 0
2 OTKDSK 0.6175 1.4302 -1.607 0.000342 0.0937 0 0 0 0 0 0
2 OTKDSK 0.6175 1.4302 -1.32 0.000342 0.0937 0 0 0 0 0 0
2 OTKDSK 0.6175 1.4302 1.32 0.000342 0.0937 0 0 0 0 0 0
2 OTKDSK 0.6175 1.4302 1.607 0.000342 0.0937 0 0 0 0 0 0
2 OTKDSK 0.6175 1.4302 1.893 0.000342 0.0937 0 0 0 0 0 0
2 OTKDSK 0.6175 1.4302 2.18 0.000342 0.0937 0 0 0 0 0 0
SolGeom::GeoRead completed with 66 layers input
i = 0, Detector = PIPE
i = 1, Detector = VTX
i = 2, Detector = ITK
i = 3, Detector = OTK
i = 4, Detector = VTXDSK
i = 5, Detector = ITKDSK
i = 6, Detector = OTKDSK
   ------------------------------------------------------------------
  | Welcome to ROOT 6.37.01                        https://root.cern |
  | (c) 1995-2025, The ROOT Team; conception: R. Brun, F. Rademakers |
  | Built for linuxx8664gcc on Oct 14 2025, 03:00:55                 |
  | From heads/master@599cbfd2                                       |
  | With c++ (GCC) 14.2.1 20250110 (Red Hat 14.2.1-7)                |
  | Try '.help'/'.?', '.demo', '.license', '.credits', '.quit'/'.q'  |
   ------------------------------------------------------------------


Processing LoadAll.c("CLD")...
Processing RunMetrics.cc+("opt/GeoOPT.txt", "opt/metrics.root")...
1 PIPE -100 100 0.0228 0.0012 0.35276 0 0 0 0 0 0
1 VTX -0.738708 0.738708 1.27306 5e-05 0.0937 2 0 1.5708 5e-06 5e-06 1
1 VTX -0.683668 0.683668 1.28736 5e-05 0.0937 2 0 1.5708 5e-06 5e-06 1
1 VTX -1.4918 1.4918 0.618672 5e-05 0.0937 2 0 1.5708 5e-06 5e-06 1
1 VTX -0.280369 0.280369 1.3339 5e-05 0.0937 2 0 1.5708 5e-06 5e-06 1
1 VTX -0.0467515 0.0467515 1.27937 5e-05 0.0937 2 0 1.5708 5e-06 5e-06 1
1 VTX -0.750963 0.750963 1.40474 5e-05 0.0937 2 0 1.5708 5e-06 5e-06 1
1 VTX -0.284658 0.284658 1.1823 5e-05 0.0937 2 0 1.5708 5e-06 5e-06 1
1 VTX -0.562374 0.562374 1.0101 5e-05 0.0937 2 0 1.5708 5e-06 5e-06 1
1 VTX -0.065 0.065 0.028 0.000557 0.0937 0 0 0 0 0 0
1 VTX -0.065 0.065 0.051 0.000557 0.0937 0 0 0 0 0 0
1 VTX -0.065 0.065 0.074 0.000557 0.0937 0 0 0 0 0 0
1 VTX -0.065 0.065 0.102 0.000557 0.0937 0 0 0 0 0 0
1 VTX -0.5 0.5 0.113 0.000337 0.0937 0 0 0 0 0 0
1 ITK -1.12137 1.12137 0.879416 0.000956 0.0937 2 0 1.5708 7e-06 9e-05 1
1 ITK -1.08699 1.08699 0.570978 0.000956 0.0937 2 0 1.5708 7e-06 9e-05 1
1 ITK -0.47593 0.47593 1.4114 0.000956 0.0937 2 0 1.5708 7e-06 9e-05 1
1 ITK -0.4816 0.4816 0.132 0.00017 0.0937 0 0 0 0 0 0
1 ITK -0.4816 0.4816 0.345 0.00017 0.0937 0 0 0 0 0 0
1 ITK -0.6923 0.6923 0.559 0.00017 0.0937 0 0 0 0 0 0
1 ITK -2.3 2.3 0.57 0.00125 0.0937 0 0 0 0 0 0
1 ITK -2.3 2.3 0.5705 0.000281 0.0937 0 0 0 0 0 0
1 OTK -0.82296 0.82296 1.46102 0.000956 0.0937 2 0 1.5708 7e-06 9e-05 1
1 OTK -0.773045 0.773045 0.440203 0.000956 0.0937 2 0 1.5708 7e-06 9e-05 1
1 OTK -0.961772 0.961772 0.471939 0.000956 0.0937 2 0 1.5708 7e-06 9e-05 1
1 OTK -1.2642 1.2642 0.824 0.000244 0.0937 0 0 0 0 0 0
1 OTK -1.2642 1.2642 1.143 0.000117 0.0937 0 0 0 0 0 0
1 OTK -1.2642 1.2642 1.476 0.000117 0.0937 0 0 0 0 0 0
2 VTXDSK 0.05 0.112 -0.28 5e-05 0.0937 2 0 1.5708 5e-06 5e-06 1
2 VTXDSK 0.035 0.112 -0.2 5e-05 0.0937 2 0 1.5708 5e-06 5e-06 1
2 VTXDSK 0.028 0.112 -0.12 5e-05 0.0937 2 0 1.5708 5e-06 5e-06 1
2 VTXDSK 0.022 0.112 -0.08 5e-05 0.0937 2 0 1.5708 5e-06 5e-06 1
2 VTXDSK 0.022 0.112 0.08 5e-05 0.0937 2 0 1.5708 5e-06 5e-06 1
2 VTXDSK 0.028 0.112 0.12 5e-05 0.0937 2 0 1.5708 5e-06 5e-06 1
2 VTXDSK 0.035 0.112 0.2 5e-05 0.0937 2 0 1.5708 5e-06 5e-06 1
2 VTXDSK 0.05 0.112 0.28 5e-05 0.0937 2 0 1.5708 5e-06 5e-06 1
2 ITKDSK 0.284 0.56 -2.19 0.000956 0.0937 2 0 1.5708 7e-06 9e-05 1
2 ITKDSK 0.264 0.56 -1.946 0.000956 0.0937 2 0 1.5708 7e-06 9e-05 1
2 ITKDSK 0.237 0.56 -1.661 0.000956 0.0937 2 0 1.5708 7e-06 9e-05 1
2 ITKDSK 0.212 0.56 -1.377 0.000956 0.0937 2 0 1.5708 7e-06 9e-05 1
2 ITKDSK 0.19 0.56 -1.093 0.000956 0.0937 2 0 1.5708 7e-06 9e-05 1
2 ITKDSK 0.147 0.56 -0.808 0.000956 0.0937 2 0 1.5708 7e-06 9e-05 1
2 ITKDSK 0.095 0.41 -0.524 0.000956 0.0937 2 0 1.5708 7e-06 9e-05 1
2 ITKDSK 0.095 0.41 0.524 0.000956 0.0937 2 0 1.5708 7e-06 9e-05 1
2 ITKDSK 0.147 0.56 0.808 0.000956 0.0937 2 0 1.5708 7e-06 9e-05 1
2 ITKDSK 0.19 0.56 1.093 0.000956 0.0937 2 0 1.5708 7e-06 9e-05 1
2 ITKDSK 0.212 0.56 1.377 0.000956 0.0937 2 0 1.5708 7e-06 9e-05 1
2 ITKDSK 0.237 0.56 1.661 0.000956 0.0937 2 0 1.5708 7e-06 9e-05 1
2 ITKDSK 0.264 0.56 1.946 0.000956 0.0937 2 0 1.5708 7e-06 9e-05 1
2 ITKDSK 0.284 0.56 2.19 0.000956 0.0937 2 0 1.5708 7e-06 9e-05 1
2 OTKDSK 0.6175 1.4302 -2.19 0.000956 0.0937 2 0 1.5708 7e-06 9e-05 1
2 OTKDSK 0.6175 1.4302 -1.883 0.000956 0.0937 2 0 1.5708 7e-06 9e-05 1
2 OTKDSK 0.6175 1.4302 -1.617 0.000956 0.0937 2 0 1.5708 7e-06 9e-05 1
2 OTKDSK 0.6175 1.4302 -1.31 0.000956 0.0937 2 0 1.5708 7e-06 9e-05 1
2 OTKDSK 0.6175 1.4302 1.31 0.000956 0.0937 2 0 1.5708 7e-06 9e-05 1
2 OTKDSK 0.6175 1.4302 1.617 0.000956 0.0937 2 0 1.5708 7e-06 9e-05 1
2 OTKDSK 0.6175 1.4302 1.883 0.000956 0.0937 2 0 1.5708 7e-06 9e-05 1
2 OTKDSK 0.6175 1.4302 2.19 0.000956 0.0937 2 0 1.5708 7e-06 9e-05 1
2 OTKDSK 0.6175 1.4302 -2.18 0.000342 0.0937 0 0 0 0 0 0
2 OTKDSK 0.6175 1.4302 -1.893 0.000342 0.0937 0 0 0 0 0 0
2 OTKDSK 0.6175 1.4302 -1.607 0.000342 0.0937 0 0 0 0 0 0
2 OTKDSK 0.6175 1.4302 -1.32 0.000342 0.0937 0 0 0 0 0 0
2 OTKDSK 0.6175 1.4302 1.32 0.000342 0.0937 0 0 0 0 0 0
2 OTKDSK 0.6175 1.4302 1.607 0.000342 0.0937 0 0 0 0 0 0
2 OTKDSK 0.6175 1.4302 1.893 0.000342 0.0937 0 0 0 0 0 0
2 OTKDSK 0.6175 1.4302 2.18 0.000342 0.0937 0 0 0 0 0 0
SolGeom::GeoRead completed with 66 layers input
i = 0, Detector = PIPE
i = 1, Detector = VTX
i = 2, Detector = ITK
i = 3, Detector = OTK
i = 4, Detector = VTXDSK
i = 5, Detector = ITKDSK
i = 6, Detector = OTKDSK
SolTrack::CovCalc: Error matrix not positive definite. Recovering ....
SolTrack::CovCalc: Error matrix not positive definite. Recovering ....
   ------------------------------------------------------------------
  | Welcome to ROOT 6.37.01                        https://root.cern |
  | (c) 1995-2025, The ROOT Team; conception: R. Brun, F. Rademakers |
  | Built for linuxx8664gcc on Oct 14 2025, 03:00:55                 |
  | From heads/master@599cbfd2                                       |
  | With c++ (GCC) 14.2.1 20250110 (Red Hat 14.2.1-7)                |
  | Try '.help'/'.?', '.demo', '.license', '.credits', '.quit'/'.q'  |
   ------------------------------------------------------------------


Processing LoadAll.c("CLD")...
Processing RunMetrics.cc+("opt/GeoOPT.txt", "opt/metrics.root")...
1 PIPE -100 100 0.0228 0.0012 0.35276 0 0 0 0 0 0
1 VTX -0.509211 0.509211 0.943639 5e-05 0.0937 2 0 1.5708 5e-06 5e-06 1
1 VTX -0.960532 0.960532 0.807001 5e-05 0.0937 2 0 1.5708 5e-06 5e-06 1
1 VTX -0.912328 0.912328 1.16457 5e-05 0.0937 2 0 1.5708 5e-06 5e-06 1
1 VTX -0.106444 0.106444 0.670416 5e-05 0.0937 2 0 1.5708 5e-06 5e-06 1
1 VTX -0.476667 0.476667 0.642655 5e-05 0.0937 2 0 1.5708 5e-06 5e-06 1
1 VTX -1.20112 1.20112 0.827325 5e-05 0.0937 2 0 1.5708 5e-06 5e-06 1
1 VTX -1.26029 1.26029 0.567034 5e-05 0.0937 2 0 1.5708 5e-06 5e-06 1
1 VTX -0.752352 0.752352 0.897942 5e-05 0.0937 2 0 1.5708 5e-06 5e-06 1
1 VTX -0.065 0.065 0.028 0.000557 0.0937 0 0 0 0 0 0
1 VTX -0.065 0.065 0.051 0.000557 0.0937 0 0 0 0 0 0
1 VTX -0.065 0.065 0.074 0.000557 0.0937 0 0 0 0 0 0
1 VTX -0.065 0.065 0.102 0.000557 0.0937 0 0 0 0 0 0
1 VTX -0.5 0.5 0.113 0.000337 0.0937 0 0 0 0 0 0
1 ITK -0.614098 0.614098 0.036142 0.000956 0.0937 2 0 1.5708 7e-06 9e-05 1
1 ITK -1.24395 1.24395 1.25258 0.000956 0.0937 2 0 1.5708 7e-06 9e-05 1
1 ITK -1.2029 1.2029 0.23159 0.000956 0.0937 2 0 1.5708 7e-06 9e-05 1
1 ITK -0.4816 0.4816 0.132 0.00017 0.0937 0 0 0 0 0 0
1 ITK -0.4816 0.4816 0.345 0.00017 0.0937 0 0 0 0 0 0
1 ITK -0.6923 0.6923 0.559 0.00017 0.0937 0 0 0 0 0 0
1 ITK -2.3 2.3 0.57 0.00125 0.0937 0 0 0 0 0 0
1 ITK -2.3 2.3 0.5705 0.000281 0.0937 0 0 0 0 0 0
1 OTK -0.0853039 0.0853039 0.957458 0.000956 0.0937 2 0 1.5708 7e-06 9e-05 1
1 OTK -0.467721 0.467721 0.163497 0.000956 0.0937 2 0 1.5708 7e-06 9e-05 1
1 OTK -1.16577 1.16577 0.0859134 0.000956 0.0937 2 0 1.5708 7e-06 9e-05 1
1 OTK -1.2642 1.2642 0.824 0.000244 0.0937 0 0 0 0 0 0
1 OTK -1.2642 1.2642 1.143 0.000117 0.0937 0 0 0 0 0 0
1 OTK -1.2642 1.2642 1.476 0.000117 0.0937 0 0 0 0 0 0
2 VTXDSK 0.05 0.112 -0.28 5e-05 0.0937 2 0 1.5708 5e-06 5e-06 1
2 VTXDSK 0.035 0.112 -0.2 5e-05 0.0937 2 0 1.5708 5e-06 5e-06 1
2 VTXDSK 0.028 0.112 -0.12 5e-05 0.0937 2 0 1.5708 5e-06 5e-06 1
2 VTXDSK 0.022 0.112 -0.08 5e-05 0.0937 2 0 1.5708 5e-06 5e-06 1
2 VTXDSK 0.022 0.112 0.08 5e-05 0.0937 2 0 1.5708 5e-06 5e-06 1
2 VTXDSK 0.028 0.112 0.12 5e-05 0.0937 2 0 1.5708 5e-06 5e-06 1
2 VTXDSK 0.035 0.112 0.2 5e-05 0.0937 2 0 1.5708 5e-06 5e-06 1
2 VTXDSK 0.05 0.112 0.28 5e-05 0.0937 2 0 1.5708 5e-06 5e-06 1
2 ITKDSK 0.284 0.56 -2.19 0.000956 0.0937 2 0 1.5708 7e-06 9e-05 1
2 ITKDSK 0.264 0.56 -1.946 0.000956 0.0937 2 0 1.5708 7e-06 9e-05 1
2 ITKDSK 0.237 0.56 -1.661 0.000956 0.0937 2 0 1.5708 7e-06 9e-05 1
2 ITKDSK 0.212 0.56 -1.377 0.000956 0.0937 2 0 1.5708 7e-06 9e-05 1
2 ITKDSK 0.19 0.56 -1.093 0.000956 0.0937 2 0 1.5708 7e-06 9e-05 1
2 ITKDSK 0.147 0.56 -0.808 0.000956 0.0937 2 0 1.5708 7e-06 9e-05 1
2 ITKDSK 0.095 0.41 -0.524 0.000956 0.0937 2 0 1.5708 7e-06 9e-05 1
2 ITKDSK 0.095 0.41 0.524 0.000956 0.0937 2 0 1.5708 7e-06 9e-05 1
2 ITKDSK 0.147 0.56 0.808 0.000956 0.0937 2 0 1.5708 7e-06 9e-05 1
2 ITKDSK 0.19 0.56 1.093 0.000956 0.0937 2 0 1.5708 7e-06 9e-05 1
2 ITKDSK 0.212 0.56 1.377 0.000956 0.0937 2 0 1.5708 7e-06 9e-05 1
2 ITKDSK 0.237 0.56 1.661 0.000956 0.0937 2 0 1.5708 7e-06 9e-05 1
2 ITKDSK 0.264 0.56 1.946 0.000956 0.0937 2 0 1.5708 7e-06 9e-05 1
2 ITKDSK 0.284 0.56 2.19 0.000956 0.0937 2 0 1.5708 7e-06 9e-05 1
2 OTKDSK 0.6175 1.4302 -2.19 0.000956 0.0937 2 0 1.5708 7e-06 9e-05 1
2 OTKDSK 0.6175 1.4302 -1.883 0.000956 0.0937 2 0 1.5708 7e-06 9e-05 1
2 OTKDSK 0.6175 1.4302 -1.617 0.000956 0.0937 2 0 1.5708 7e-06 9e-05 1
2 OTKDSK 0.6175 1.4302 -1.31 0.000956 0.0937 2 0 1.5708 7e-06 9e-05 1
2 OTKDSK 0.6175 1.4302 1.31 0.000956 0.0937 2 0 1.5708 7e-06 9e-05 1
2 OTKDSK 0.6175 1.4302 1.617 0.000956 0.0937 2 0 1.5708 7e-06 9e-05 1
2 OTKDSK 0.6175 1.4302 1.883 0.000956 0.0937 2 0 1.5708 7e-06 9e-05 1
2 OTKDSK 0.6175 1.4302 2.19 0.000956 0.0937 2 0 1.5708 7e-06 9e-05 1
2 OTKDSK 0.6175 1.4302 -2.18 0.000342 0.0937 0 0 0 0 0 0
2 OTKDSK 0.6175 1.4302 -1.893 0.000342 0.0937 0 0 0 0 0 0
2 OTKDSK 0.6175 1.4302 -1.607 0.000342 0.0937 0 0 0 0 0 0
2 OTKDSK 0.6175 1.4302 -1.32 0.000342 0.0937 0 0 0 0 0 0
2 OTKDSK 0.6175 1.4302 1.32 0.000342 0.0937 0 0 0 0 0 0
2 OTKDSK 0.6175 1.4302 1.607 0.000342 0.0937 0 0 0 0 0 0
2 OTKDSK 0.6175 1.4302 1.893 0.000342 0.0937 0 0 0 0 0 0
2 OTKDSK 0.6175 1.4302 2.18 0.000342 0.0937 0 0 0 0 0 0
SolGeom::GeoRead completed with 66 layers input
i = 0, Detector = PIPE
i = 1, Detector = VTX
i = 2, Detector = ITK
i = 3, Detector = OTK
i = 4, Detector = VTXDSK
i = 5, Detector = ITKDSK
i = 6, Detector = OTKDSK
   ------------------------------------------------------------------
  | Welcome to ROOT 6.37.01                        https://root.cern |
  | (c) 1995-2025, The ROOT Team; conception: R. Brun, F. Rademakers |
  | Built for linuxx8664gcc on Oct 14 2025, 03:00:55                 |
  | From heads/master@599cbfd2                                       |
  | With c++ (GCC) 14.2.1 20250110 (Red Hat 14.2.1-7)                |
  | Try '.help'/'.?', '.demo', '.license', '.credits', '.quit'/'.q'  |
   ------------------------------------------------------------------


Processing LoadAll.c("CLD")...
Processing RunMetrics.cc+("opt/GeoOPT.txt", "opt/metrics.root")...
1 PIPE -100 100 0.0228 0.0012 0.35276 0 0 0 0 0 0
1 VTX -0.145676 0.145676 0.723575 5e-05 0.0937 2 0 1.5708 5e-06 5e-06 1
1 VTX -0.757928 0.757928 0.938887 5e-05 0.0937 2 0 1.5708 5e-06 5e-06 1
1 VTX -0.425388 0.425388 0.218761 5e-05 0.0937 2 0 1.5708 5e-06 5e-06 1
1 VTX -0.685043 0.685043 0.517624 5e-05 0.0937 2 0 1.5708 5e-06 5e-06 1
1 VTX -1.01954 1.01954 0.568458 5e-05 0.0937 2 0 1.5708 5e-06 5e-06 1
1 VTX -0.297137 0.297137 0.383183 5e-05 0.0937 2 0 1.5708 5e-06 5e-06 1
1 VTX -1.11078 1.11078 0.14326 5e-05 0.0937 2 0 1.5708 5e-06 5e-06 1
1 VTX -1.16043 1.16043 0.270018 5e-05 0.0937 2 0 1.5708 5e-06 5e-06 1
1 VTX -0.065 0.065 0.028 0.000557 0.0937 0 0 0 0 0 0
1 VTX -0.065 0.065 0.051 0.000557 0.0937 0 0 0 0 0 0
1 VTX -0.065 0.065 0.074 0.000557 0.0937 0 0 0 0 0 0
1 VTX -0.065 0.065 0.102 0.000557 0.0937 0 0 0 0 0 0
1 VTX -0.5 0.5 0.113 0.000337 0.0937 0 0 0 0 0 0
1 ITK -0.477688 0.477688 0.530374 0.000956 0.0937 2 0 1.5708 7e-06 9e-05 1
1 ITK -0.317021 0.317021 1.25265 0.000956 0.0937 2 0 1.5708 7e-06 9e-05 1
1 ITK -0.162279 0.162279 0.875949 0.000956 0.0937 2 0 1.5708 7e-06 9e-05 1
1 ITK -0.4816 0.4816 0.132 0.00017 0.0937 0 0 0 0 0 0
1 ITK -0.4816 0.4816 0.345 0.00017 0.0937 0 0 0 0 0 0
1 ITK -0.6923 0.6923 0.559 0.00017 0.0937 0 0 0 0 0 0
1 ITK -2.3 2.3 0.57 0.00125 0.0937 0 0 0 0 0 0
1 ITK -2.3 2.3 0.5705 0.000281 0.0937 0 0 0 0 0 0
1 OTK -0.148172 0.148172 0.33717 0.000956 0.0937 2 0 1.5708 7e-06 9e-05 1
1 OTK -0.849218 0.849218 1.06766 0.000956 0.0937 2 0 1.5708 7e-06 9e-05 1
1 OTK -1.29516 1.29516 1.32891 0.000956 0.0937 2 0 1.5708 7e-06 9e-05 1
1 OTK -1.2642 1.2642 0.824 0.000244 0.0937 0 0 0 0 0 0
1 OTK -1.2642 1.2642 1.143 0.000117 0.0937 0 0 0 0 0 0
1 OTK -1.2642 1.2642 1.476 0.000117 0.0937 0 0 0 0 0 0
2 VTXDSK 0.05 0.112 -0.28 5e-05 0.0937 2 0 1.5708 5e-06 5e-06 1
2 VTXDSK 0.035 0.112 -0.2 5e-05 0.0937 2 0 1.5708 5e-06 5e-06 1
2 VTXDSK 0.028 0.112 -0.12 5e-05 0.0937 2 0 1.5708 5e-06 5e-06 1
2 VTXDSK 0.022 0.112 -0.08 5e-05 0.0937 2 0 1.5708 5e-06 5e-06 1
2 VTXDSK 0.022 0.112 0.08 5e-05 0.0937 2 0 1.5708 5e-06 5e-06 1
2 VTXDSK 0.028 0.112 0.12 5e-05 0.0937 2 0 1.5708 5e-06 5e-06 1
2 VTXDSK 0.035 0.112 0.2 5e-05 0.0937 2 0 1.5708 5e-06 5e-06 1
2 VTXDSK 0.05 0.112 0.28 5e-05 0.0937 2 0 1.5708 5e-06 5e-06 1
2 ITKDSK 0.284 0.56 -2.19 0.000956 0.0937 2 0 1.5708 7e-06 9e-05 1
2 ITKDSK 0.264 0.56 -1.946 0.000956 0.0937 2 0 1.5708 7e-06 9e-05 1
2 ITKDSK 0.237 0.56 -1.661 0.000956 0.0937 2 0 1.5708 7e-06 9e-05 1
2 ITKDSK 0.212 0.56 -1.377 0.000956 0.0937 2 0 1.5708 7e-06 9e-05 1
2 ITKDSK 0.19 0.56 -1.093 0.000956 0.0937 2 0 1.5708 7e-06 9e-05 1
2 ITKDSK 0.147 0.56 -0.808 0.000956 0.0937 2 0 1.5708 7e-06 9e-05 1
2 ITKDSK 0.095 0.41 -0.524 0.000956 0.0937 2 0 1.5708 7e-06 9e-05 1
2 ITKDSK 0.095 0.41 0.524 0.000956 0.0937 2 0 1.5708 7e-06 9e-05 1
2 ITKDSK 0.147 0.56 0.808 0.000956 0.0937 2 0 1.5708 7e-06 9e-05 1
2 ITKDSK 0.19 0.56 1.093 0.000956 0.0937 2 0 1.5708 7e-06 9e-05 1
2 ITKDSK 0.212 0.56 1.377 0.000956 0.0937 2 0 1.5708 7e-06 9e-05 1
2 ITKDSK 0.237 0.56 1.661 0.000956 0.0937 2 0 1.5708 7e-06 9e-05 1
2 ITKDSK 0.264 0.56 1.946 0.000956 0.0937 2 0 1.5708 7e-06 9e-05 1
2 ITKDSK 0.284 0.56 2.19 0.000956 0.0937 2 0 1.5708 7e-06 9e-05 1
2 OTKDSK 0.6175 1.4302 -2.19 0.000956 0.0937 2 0 1.5708 7e-06 9e-05 1
2 OTKDSK 0.6175 1.4302 -1.883 0.000956 0.0937 2 0 1.5708 7e-06 9e-05 1
2 OTKDSK 0.6175 1.4302 -1.617 0.000956 0.0937 2 0 1.5708 7e-06 9e-05 1
2 OTKDSK 0.6175 1.4302 -1.31 0.000956 0.0937 2 0 1.5708 7e-06 9e-05 1
2 OTKDSK 0.6175 1.4302 1.31 0.000956 0.0937 2 0 1.5708 7e-06 9e-05 1
2 OTKDSK 0.6175 1.4302 1.617 0.000956 0.0937 2 0 1.5708 7e-06 9e-05 1
2 OTKDSK 0.6175 1.4302 1.883 0.000956 0.0937 2 0 1.5708 7e-06 9e-05 1
2 OTKDSK 0.6175 1.4302 2.19 0.000956 0.0937 2 0 1.5708 7e-06 9e-05 1
2 OTKDSK 0.6175 1.4302 -2.18 0.000342 0.0937 0 0 0 0 0 0
2 OTKDSK 0.6175 1.4302 -1.893 0.000342 0.0937 0 0 0 0 0 0
2 OTKDSK 0.6175 1.4302 -1.607 0.000342 0.0937 0 0 0 0 0 0
2 OTKDSK 0.6175 1.4302 -1.32 0.000342 0.0937 0 0 0 0 0 0
2 OTKDSK 0.6175 1.4302 1.32 0.000342 0.0937 0 0 0 0 0 0
2 OTKDSK 0.6175 1.4302 1.607 0.000342 0.0937 0 0 0 0 0 0
2 OTKDSK 0.6175 1.4302 1.893 0.000342 0.0937 0 0 0 0 0 0
2 OTKDSK 0.6175 1.4302 2.18 0.000342 0.0937 0 0 0 0 0 0
SolGeom::GeoRead completed with 66 layers input
i = 0, Detector = PIPE
i = 1, Detector = VTX
i = 2, Detector = ITK
i = 3, Detector = OTK
i = 4, Detector = VTXDSK
i = 5, Detector = ITKDSK
i = 6, Detector = OTKDSK
   ------------------------------------------------------------------
  | Welcome to ROOT 6.37.01                        https://root.cern |
  | (c) 1995-2025, The ROOT Team; conception: R. Brun, F. Rademakers |
  | Built for linuxx8664gcc on Oct 14 2025, 03:00:55                 |
  | From heads/master@599cbfd2                                       |
  | With c++ (GCC) 14.2.1 20250110 (Red Hat 14.2.1-7)                |
  | Try '.help'/'.?', '.demo', '.license', '.credits', '.quit'/'.q'  |
   ------------------------------------------------------------------


Processing LoadAll.c("CLD")...
Processing RunMetrics.cc+("opt/GeoOPT.txt", "opt/metrics.root")...
1 PIPE -100 100 0.0228 0.0012 0.35276 0 0 0 0 0 0
1 VTX -0.698832 0.698832 1.08914 5e-05 0.0937 2 0 1.5708 5e-06 5e-06 1
1 VTX -0.795886 0.795886 0.885909 5e-05 0.0937 2 0 1.5708 5e-06 5e-06 1
1 VTX -0.681936 0.681936 0.830648 5e-05 0.0937 2 0 1.5708 5e-06 5e-06 1
1 VTX -0.307646 0.307646 1.1271 5e-05 0.0937 2 0 1.5708 5e-06 5e-06 1
1 VTX -0.741365 0.741365 1.15042 5e-05 0.0937 2 0 1.5708 5e-06 5e-06 1
1 VTX -0.961403 0.961403 0.864561 5e-05 0.0937 2 0 1.5708 5e-06 5e-06 1
1 VTX -0.639024 0.639024 0.752318 5e-05 0.0937 2 0 1.5708 5e-06 5e-06 1
1 VTX -1.08583 1.08583 1.17001 5e-05 0.0937 2 0 1.5708 5e-06 5e-06 1
1 VTX -0.065 0.065 0.028 0.000557 0.0937 0 0 0 0 0 0
1 VTX -0.065 0.065 0.051 0.000557 0.0937 0 0 0 0 0 0
1 VTX -0.065 0.065 0.074 0.000557 0.0937 0 0 0 0 0 0
1 VTX -0.065 0.065 0.102 0.000557 0.0937 0 0 0 0 0 0
1 VTX -0.5 0.5 0.113 0.000337 0.0937 0 0 0 0 0 0
1 ITK -1.13583 1.13583 0.665555 0.000956 0.0937 2 0 1.5708 7e-06 9e-05 1
1 ITK -1.10646 1.10646 0.7006 0.000956 0.0937 2 0 1.5708 7e-06 9e-05 1
1 ITK -1.00124 1.00124 0.930915 0.000956 0.0937 2 0 1.5708 7e-06 9e-05 1
1 ITK -0.4816 0.4816 0.132 0.00017 0.0937 0 0 0 0 0 0
1 ITK -0.4816 0.4816 0.345 0.00017 0.0937 0 0 0 0 0 0
1 ITK -0.6923 0.6923 0.559 0.00017 0.0937 0 0 0 0 0 0
1 ITK -2.3 2.3 0.57 0.00125 0.0937 0 0 0 0 0 0
1 ITK -2.3 2.3 0.5705 0.000281 0.0937 0 0 0 0 0 0
1 OTK -0.548847 0.548847 0.954775 0.000956 0.0937 2 0 1.5708 7e-06 9e-05 1
1 OTK -0.492783 0.492783 0.54164 0.000956 0.0937 2 0 1.5708 7e-06 9e-05 1
1 OTK -0.922629 0.922629 0.427577 0.000956 0.0937 2 0 1.5708 7e-06 9e-05 1
1 OTK -1.2642 1.2642 0.824 0.000244 0.0937 0 0 0 0 0 0
1 OTK -1.2642 1.2642 1.143 0.000117 0.0937 0 0 0 0 0 0
1 OTK -1.2642 1.2642 1.476 0.000117 0.0937 0 0 0 0 0 0
2 VTXDSK 0.05 0.112 -0.28 5e-05 0.0937 2 0 1.5708 5e-06 5e-06 1
2 VTXDSK 0.035 0.112 -0.2 5e-05 0.0937 2 0 1.5708 5e-06 5e-06 1
2 VTXDSK 0.028 0.112 -0.12 5e-05 0.0937 2 0 1.5708 5e-06 5e-06 1
2 VTXDSK 0.022 0.112 -0.08 5e-05 0.0937 2 0 1.5708 5e-06 5e-06 1
2 VTXDSK 0.022 0.112 0.08 5e-05 0.0937 2 0 1.5708 5e-06 5e-06 1
2 VTXDSK 0.028 0.112 0.12 5e-05 0.0937 2 0 1.5708 5e-06 5e-06 1
2 VTXDSK 0.035 0.112 0.2 5e-05 0.0937 2 0 1.5708 5e-06 5e-06 1
2 VTXDSK 0.05 0.112 0.28 5e-05 0.0937 2 0 1.5708 5e-06 5e-06 1
2 ITKDSK 0.284 0.56 -2.19 0.000956 0.0937 2 0 1.5708 7e-06 9e-05 1
2 ITKDSK 0.264 0.56 -1.946 0.000956 0.0937 2 0 1.5708 7e-06 9e-05 1
2 ITKDSK 0.237 0.56 -1.661 0.000956 0.0937 2 0 1.5708 7e-06 9e-05 1
2 ITKDSK 0.212 0.56 -1.377 0.000956 0.0937 2 0 1.5708 7e-06 9e-05 1
2 ITKDSK 0.19 0.56 -1.093 0.000956 0.0937 2 0 1.5708 7e-06 9e-05 1
2 ITKDSK 0.147 0.56 -0.808 0.000956 0.0937 2 0 1.5708 7e-06 9e-05 1
2 ITKDSK 0.095 0.41 -0.524 0.000956 0.0937 2 0 1.5708 7e-06 9e-05 1
2 ITKDSK 0.095 0.41 0.524 0.000956 0.0937 2 0 1.5708 7e-06 9e-05 1
2 ITKDSK 0.147 0.56 0.808 0.000956 0.0937 2 0 1.5708 7e-06 9e-05 1
2 ITKDSK 0.19 0.56 1.093 0.000956 0.0937 2 0 1.5708 7e-06 9e-05 1
2 ITKDSK 0.212 0.56 1.377 0.000956 0.0937 2 0 1.5708 7e-06 9e-05 1
2 ITKDSK 0.237 0.56 1.661 0.000956 0.0937 2 0 1.5708 7e-06 9e-05 1
2 ITKDSK 0.264 0.56 1.946 0.000956 0.0937 2 0 1.5708 7e-06 9e-05 1
2 ITKDSK 0.284 0.56 2.19 0.000956 0.0937 2 0 1.5708 7e-06 9e-05 1
2 OTKDSK 0.6175 1.4302 -2.19 0.000956 0.0937 2 0 1.5708 7e-06 9e-05 1
2 OTKDSK 0.6175 1.4302 -1.883 0.000956 0.0937 2 0 1.5708 7e-06 9e-05 1
2 OTKDSK 0.6175 1.4302 -1.617 0.000956 0.0937 2 0 1.5708 7e-06 9e-05 1
2 OTKDSK 0.6175 1.4302 -1.31 0.000956 0.0937 2 0 1.5708 7e-06 9e-05 1
2 OTKDSK 0.6175 1.4302 1.31 0.000956 0.0937 2 0 1.5708 7e-06 9e-05 1
2 OTKDSK 0.6175 1.4302 1.617 0.000956 0.0937 2 0 1.5708 7e-06 9e-05 1
2 OTKDSK 0.6175 1.4302 1.883 0.000956 0.0937 2 0 1.5708 7e-06 9e-05 1
2 OTKDSK 0.6175 1.4302 2.19 0.000956 0.0937 2 0 1.5708 7e-06 9e-05 1
2 OTKDSK 0.6175 1.4302 -2.18 0.000342 0.0937 0 0 0 0 0 0
2 OTKDSK 0.6175 1.4302 -1.893 0.000342 0.0937 0 0 0 0 0 0
2 OTKDSK 0.6175 1.4302 -1.607 0.000342 0.0937 0 0 0 0 0 0
2 OTKDSK 0.6175 1.4302 -1.32 0.000342 0.0937 0 0 0 0 0 0
2 OTKDSK 0.6175 1.4302 1.32 0.000342 0.0937 0 0 0 0 0 0
2 OTKDSK 0.6175 1.4302 1.607 0.000342 0.0937 0 0 0 0 0 0
2 OTKDSK 0.6175 1.4302 1.893 0.000342 0.0937 0 0 0 0 0 0
2 OTKDSK 0.6175 1.4302 2.18 0.000342 0.0937 0 0 0 0 0 0
SolGeom::GeoRead completed with 66 layers input
i = 0, Detector = PIPE
i = 1, Detector = VTX
i = 2, Detector = ITK
i = 3, Detector = OTK
i = 4, Detector = VTXDSK
i = 5, Detector = ITKDSK
i = 6, Detector = OTKDSK
SolTrack::CovCalc: Error matrix not positive definite. Recovering ....
   ------------------------------------------------------------------
  | Welcome to ROOT 6.37.01                        https://root.cern |
  | (c) 1995-2025, The ROOT Team; conception: R. Brun, F. Rademakers |
  | Built for linuxx8664gcc on Oct 14 2025, 03:00:55                 |
  | From heads/master@599cbfd2                                       |
  | With c++ (GCC) 14.2.1 20250110 (Red Hat 14.2.1-7)                |
  | Try '.help'/'.?', '.demo', '.license', '.credits', '.quit'/'.q'  |
   ------------------------------------------------------------------


Processing LoadAll.c("CLD")...
Processing RunMetrics.cc+("opt/GeoOPT.txt", "opt/metrics.root")...
1 PIPE -100 100 0.0228 0.0012 0.35276 0 0 0 0 0 0
1 VTX -0.208184 0.208184 0.852437 5e-05 0.0937 2 0 1.5708 5e-06 5e-06 1
1 VTX -0.66479 0.66479 1.18802 5e-05 0.0937 2 0 1.5708 5e-06 5e-06 1
1 VTX -0.750079 0.750079 0.52694 5e-05 0.0937 2 0 1.5708 5e-06 5e-06 1
1 VTX -0.886178 0.886178 0.840802 5e-05 0.0937 2 0 1.5708 5e-06 5e-06 1
1 VTX -0.690885 0.690885 0.576347 5e-05 0.0937 2 0 1.5708 5e-06 5e-06 1
1 VTX -0.323536 0.323536 0.587907 5e-05 0.0937 2 0 1.5708 5e-06 5e-06 1
1 VTX -1.12934 1.12934 0.194171 5e-05 0.0937 2 0 1.5708 5e-06 5e-06 1
1 VTX -0.748909 0.748909 0.246944 5e-05 0.0937 2 0 1.5708 5e-06 5e-06 1
1 VTX -0.065 0.065 0.028 0.000557 0.0937 0 0 0 0 0 0
1 VTX -0.065 0.065 0.051 0.000557 0.0937 0 0 0 0 0 0
1 VTX -0.065 0.065 0.074 0.000557 0.0937 0 0 0 0 0 0
1 VTX -0.065 0.065 0.102 0.000557 0.0937 0 0 0 0 0 0
1 VTX -0.5 0.5 0.113 0.000337 0.0937 0 0 0 0 0 0
1 ITK -0.723561 0.723561 0.536783 0.000956 0.0937 2 0 1.5708 7e-06 9e-05 1
1 ITK -0.27253 0.27253 0.974699 0.000956 0.0937 2 0 1.5708 7e-06 9e-05 1
1 ITK -0.483197 0.483197 0.813501 0.000956 0.0937 2 0 1.5708 7e-06 9e-05 1
1 ITK -0.4816 0.4816 0.132 0.00017 0.0937 0 0 0 0 0 0
1 ITK -0.4816 0.4816 0.345 0.00017 0.0937 0 0 0 0 0 0
1 ITK -0.6923 0.6923 0.559 0.00017 0.0937 0 0 0 0 0 0
1 ITK -2.3 2.3 0.57 0.00125 0.0937 0 0 0 0 0 0
1 ITK -2.3 2.3 0.5705 0.000281 0.0937 0 0 0 0 0 0
1 OTK -0.598042 0.598042 0.273986 0.000956 0.0937 2 0 1.5708 7e-06 9e-05 1
1 OTK -1.12586 1.12586 0.775277 0.000956 0.0937 2 0 1.5708 7e-06 9e-05 1
1 OTK -0.8245 0.8245 1.17586 0.000956 0.0937 2 0 1.5708 7e-06 9e-05 1
1 OTK -1.2642 1.2642 0.824 0.000244 0.0937 0 0 0 0 0 0
1 OTK -1.2642 1.2642 1.143 0.000117 0.0937 0 0 0 0 0 0
1 OTK -1.2642 1.2642 1.476 0.000117 0.0937 0 0 0 0 0 0
2 VTXDSK 0.05 0.112 -0.28 5e-05 0.0937 2 0 1.5708 5e-06 5e-06 1
2 VTXDSK 0.035 0.112 -0.2 5e-05 0.0937 2 0 1.5708 5e-06 5e-06 1
2 VTXDSK 0.028 0.112 -0.12 5e-05 0.0937 2 0 1.5708 5e-06 5e-06 1
2 VTXDSK 0.022 0.112 -0.08 5e-05 0.0937 2 0 1.5708 5e-06 5e-06 1
2 VTXDSK 0.022 0.112 0.08 5e-05 0.0937 2 0 1.5708 5e-06 5e-06 1
2 VTXDSK 0.028 0.112 0.12 5e-05 0.0937 2 0 1.5708 5e-06 5e-06 1
2 VTXDSK 0.035 0.112 0.2 5e-05 0.0937 2 0 1.5708 5e-06 5e-06 1
2 VTXDSK 0.05 0.112 0.28 5e-05 0.0937 2 0 1.5708 5e-06 5e-06 1
2 ITKDSK 0.284 0.56 -2.19 0.000956 0.0937 2 0 1.5708 7e-06 9e-05 1
2 ITKDSK 0.264 0.56 -1.946 0.000956 0.0937 2 0 1.5708 7e-06 9e-05 1
2 ITKDSK 0.237 0.56 -1.661 0.000956 0.0937 2 0 1.5708 7e-06 9e-05 1
2 ITKDSK 0.212 0.56 -1.377 0.000956 0.0937 2 0 1.5708 7e-06 9e-05 1
2 ITKDSK 0.19 0.56 -1.093 0.000956 0.0937 2 0 1.5708 7e-06 9e-05 1
2 ITKDSK 0.147 0.56 -0.808 0.000956 0.0937 2 0 1.5708 7e-06 9e-05 1
2 ITKDSK 0.095 0.41 -0.524 0.000956 0.0937 2 0 1.5708 7e-06 9e-05 1
2 ITKDSK 0.095 0.41 0.524 0.000956 0.0937 2 0 1.5708 7e-06 9e-05 1
2 ITKDSK 0.147 0.56 0.808 0.000956 0.0937 2 0 1.5708 7e-06 9e-05 1
2 ITKDSK 0.19 0.56 1.093 0.000956 0.0937 2 0 1.5708 7e-06 9e-05 1
2 ITKDSK 0.212 0.56 1.377 0.000956 0.0937 2 0 1.5708 7e-06 9e-05 1
2 ITKDSK 0.237 0.56 1.661 0.000956 0.0937 2 0 1.5708 7e-06 9e-05 1
2 ITKDSK 0.264 0.56 1.946 0.000956 0.0937 2 0 1.5708 7e-06 9e-05 1
2 ITKDSK 0.284 0.56 2.19 0.000956 0.0937 2 0 1.5708 7e-06 9e-05 1
2 OTKDSK 0.6175 1.4302 -2.19 0.000956 0.0937 2 0 1.5708 7e-06 9e-05 1
2 OTKDSK 0.6175 1.4302 -1.883 0.000956 0.0937 2 0 1.5708 7e-06 9e-05 1
2 OTKDSK 0.6175 1.4302 -1.617 0.000956 0.0937 2 0 1.5708 7e-06 9e-05 1
2 OTKDSK 0.6175 1.4302 -1.31 0.000956 0.0937 2 0 1.5708 7e-06 9e-05 1
2 OTKDSK 0.6175 1.4302 1.31 0.000956 0.0937 2 0 1.5708 7e-06 9e-05 1
2 OTKDSK 0.6175 1.4302 1.617 0.000956 0.0937 2 0 1.5708 7e-06 9e-05 1
2 OTKDSK 0.6175 1.4302 1.883 0.000956 0.0937 2 0 1.5708 7e-06 9e-05 1
2 OTKDSK 0.6175 1.4302 2.19 0.000956 0.0937 2 0 1.5708 7e-06 9e-05 1
2 OTKDSK 0.6175 1.4302 -2.18 0.000342 0.0937 0 0 0 0 0 0
2 OTKDSK 0.6175 1.4302 -1.893 0.000342 0.0937 0 0 0 0 0 0
2 OTKDSK 0.6175 1.4302 -1.607 0.000342 0.0937 0 0 0 0 0 0
2 OTKDSK 0.6175 1.4302 -1.32 0.000342 0.0937 0 0 0 0 0 0
2 OTKDSK 0.6175 1.4302 1.32 0.000342 0.0937 0 0 0 0 0 0
2 OTKDSK 0.6175 1.4302 1.607 0.000342 0.0937 0 0 0 0 0 0
2 OTKDSK 0.6175 1.4302 1.893 0.000342 0.0937 0 0 0 0 0 0
2 OTKDSK 0.6175 1.4302 2.18 0.000342 0.0937 0 0 0 0 0 0
SolGeom::GeoRead completed with 66 layers input
i = 0, Detector = PIPE
i = 1, Detector = VTX
i = 2, Detector = ITK
i = 3, Detector = OTK
i = 4, Detector = VTXDSK
i = 5, Detector = ITKDSK
i = 6, Detector = OTKDSK
   ------------------------------------------------------------------
  | Welcome to ROOT 6.37.01                        https://root.cern |
  | (c) 1995-2025, The ROOT Team; conception: R. Brun, F. Rademakers |
  | Built for linuxx8664gcc on Oct 14 2025, 03:00:55                 |
  | From heads/master@599cbfd2                                       |
  | With c++ (GCC) 14.2.1 20250110 (Red Hat 14.2.1-7)                |
  | Try '.help'/'.?', '.demo', '.license', '.credits', '.quit'/'.q'  |
   ------------------------------------------------------------------


Processing LoadAll.c("CLD")...
Processing RunMetrics.cc+("opt/GeoOPT.txt", "opt/metrics.root")...
1 PIPE -100 100 0.0228 0.0012 0.35276 0 0 0 0 0 0
1 VTX -1.00617 1.00617 0.922141 5e-05 0.0937 2 0 1.5708 5e-06 5e-06 1
1 VTX -0.913349 0.913349 0.876451 5e-05 0.0937 2 0 1.5708 5e-06 5e-06 1
1 VTX -0.0648271 0.0648271 0.366179 5e-05 0.0937 2 0 1.5708 5e-06 5e-06 1
1 VTX -0.486075 0.486075 0.583377 5e-05 0.0937 2 0 1.5708 5e-06 5e-06 1
1 VTX -0.374497 0.374497 1.27999 5e-05 0.0937 2 0 1.5708 5e-06 5e-06 1
1 VTX -1.15544 1.15544 0.1133 5e-05 0.0937 2 0 1.5708 5e-06 5e-06 1
1 VTX -0.380431 0.380431 1.41492 5e-05 0.0937 2 0 1.5708 5e-06 5e-06 1
1 VTX -1.48013 1.48013 0.390998 5e-05 0.0937 2 0 1.5708 5e-06 5e-06 1
1 VTX -0.065 0.065 0.028 0.000557 0.0937 0 0 0 0 0 0
1 VTX -0.065 0.065 0.051 0.000557 0.0937 0 0 0 0 0 0
1 VTX -0.065 0.065 0.074 0.000557 0.0937 0 0 0 0 0 0
1 VTX -0.065 0.065 0.102 0.000557 0.0937 0 0 0 0 0 0
1 VTX -0.5 0.5 0.113 0.000337 0.0937 0 0 0 0 0 0
1 ITK -1.01756 1.01756 0.765139 0.000956 0.0937 2 0 1.5708 7e-06 9e-05 1
1 ITK -1.08694 1.08694 0.346668 0.000956 0.0937 2 0 1.5708 7e-06 9e-05 1
1 ITK -1.2259 1.2259 1.24157 0.000956 0.0937 2 0 1.5708 7e-06 9e-05 1
1 ITK -0.4816 0.4816 0.132 0.00017 0.0937 0 0 0 0 0 0
1 ITK -0.4816 0.4816 0.345 0.00017 0.0937 0 0 0 0 0 0
1 ITK -0.6923 0.6923 0.559 0.00017 0.0937 0 0 0 0 0 0
1 ITK -2.3 2.3 0.57 0.00125 0.0937 0 0 0 0 0 0
1 ITK -2.3 2.3 0.5705 0.000281 0.0937 0 0 0 0 0 0
1 OTK -0.334293 0.334293 0.50911 0.000956 0.0937 2 0 1.5708 7e-06 9e-05 1
1 OTK -0.500596 0.500596 1.39817 0.000956 0.0937 2 0 1.5708 7e-06 9e-05 1
1 OTK -1.09886 1.09886 0.451685 0.000956 0.0937 2 0 1.5708 7e-06 9e-05 1
1 OTK -1.2642 1.2642 0.824 0.000244 0.0937 0 0 0 0 0 0
1 OTK -1.2642 1.2642 1.143 0.000117 0.0937 0 0 0 0 0 0
1 OTK -1.2642 1.2642 1.476 0.000117 0.0937 0 0 0 0 0 0
2 VTXDSK 0.05 0.112 -0.28 5e-05 0.0937 2 0 1.5708 5e-06 5e-06 1
2 VTXDSK 0.035 0.112 -0.2 5e-05 0.0937 2 0 1.5708 5e-06 5e-06 1
2 VTXDSK 0.028 0.112 -0.12 5e-05 0.0937 2 0 1.5708 5e-06 5e-06 1
2 VTXDSK 0.022 0.112 -0.08 5e-05 0.0937 2 0 1.5708 5e-06 5e-06 1
2 VTXDSK 0.022 0.112 0.08 5e-05 0.0937 2 0 1.5708 5e-06 5e-06 1
2 VTXDSK 0.028 0.112 0.12 5e-05 0.0937 2 0 1.5708 5e-06 5e-06 1
2 VTXDSK 0.035 0.112 0.2 5e-05 0.0937 2 0 1.5708 5e-06 5e-06 1
2 VTXDSK 0.05 0.112 0.28 5e-05 0.0937 2 0 1.5708 5e-06 5e-06 1
2 ITKDSK 0.284 0.56 -2.19 0.000956 0.0937 2 0 1.5708 7e-06 9e-05 1
2 ITKDSK 0.264 0.56 -1.946 0.000956 0.0937 2 0 1.5708 7e-06 9e-05 1
2 ITKDSK 0.237 0.56 -1.661 0.000956 0.0937 2 0 1.5708 7e-06 9e-05 1
2 ITKDSK 0.212 0.56 -1.377 0.000956 0.0937 2 0 1.5708 7e-06 9e-05 1
2 ITKDSK 0.19 0.56 -1.093 0.000956 0.0937 2 0 1.5708 7e-06 9e-05 1
2 ITKDSK 0.147 0.56 -0.808 0.000956 0.0937 2 0 1.5708 7e-06 9e-05 1
2 ITKDSK 0.095 0.41 -0.524 0.000956 0.0937 2 0 1.5708 7e-06 9e-05 1
2 ITKDSK 0.095 0.41 0.524 0.000956 0.0937 2 0 1.5708 7e-06 9e-05 1
2 ITKDSK 0.147 0.56 0.808 0.000956 0.0937 2 0 1.5708 7e-06 9e-05 1
2 ITKDSK 0.19 0.56 1.093 0.000956 0.0937 2 0 1.5708 7e-06 9e-05 1
2 ITKDSK 0.212 0.56 1.377 0.000956 0.0937 2 0 1.5708 7e-06 9e-05 1
2 ITKDSK 0.237 0.56 1.661 0.000956 0.0937 2 0 1.5708 7e-06 9e-05 1
2 ITKDSK 0.264 0.56 1.946 0.000956 0.0937 2 0 1.5708 7e-06 9e-05 1
2 ITKDSK 0.284 0.56 2.19 0.000956 0.0937 2 0 1.5708 7e-06 9e-05 1
2 OTKDSK 0.6175 1.4302 -2.19 0.000956 0.0937 2 0 1.5708 7e-06 9e-05 1
2 OTKDSK 0.6175 1.4302 -1.883 0.000956 0.0937 2 0 1.5708 7e-06 9e-05 1
2 OTKDSK 0.6175 1.4302 -1.617 0.000956 0.0937 2 0 1.5708 7e-06 9e-05 1
2 OTKDSK 0.6175 1.4302 -1.31 0.000956 0.0937 2 0 1.5708 7e-06 9e-05 1
2 OTKDSK 0.6175 1.4302 1.31 0.000956 0.0937 2 0 1.5708 7e-06 9e-05 1
2 OTKDSK 0.6175 1.4302 1.617 0.000956 0.0937 2 0 1.5708 7e-06 9e-05 1
2 OTKDSK 0.6175 1.4302 1.883 0.000956 0.0937 2 0 1.5708 7e-06 9e-05 1
2 OTKDSK 0.6175 1.4302 2.19 0.000956 0.0937 2 0 1.5708 7e-06 9e-05 1
2 OTKDSK 0.6175 1.4302 -2.18 0.000342 0.0937 0 0 0 0 0 0
2 OTKDSK 0.6175 1.4302 -1.893 0.000342 0.0937 0 0 0 0 0 0
2 OTKDSK 0.6175 1.4302 -1.607 0.000342 0.0937 0 0 0 0 0 0
2 OTKDSK 0.6175 1.4302 -1.32 0.000342 0.0937 0 0 0 0 0 0
2 OTKDSK 0.6175 1.4302 1.32 0.000342 0.0937 0 0 0 0 0 0
2 OTKDSK 0.6175 1.4302 1.607 0.000342 0.0937 0 0 0 0 0 0
2 OTKDSK 0.6175 1.4302 1.893 0.000342 0.0937 0 0 0 0 0 0
2 OTKDSK 0.6175 1.4302 2.18 0.000342 0.0937 0 0 0 0 0 0
SolGeom::GeoRead completed with 66 layers input
i = 0, Detector = PIPE
i = 1, Detector = VTX
i = 2, Detector = ITK
i = 3, Detector = OTK
i = 4, Detector = VTXDSK
i = 5, Detector = ITKDSK
i = 6, Detector = OTKDSK
   ------------------------------------------------------------------
  | Welcome to ROOT 6.37.01                        https://root.cern |
  | (c) 1995-2025, The ROOT Team; conception: R. Brun, F. Rademakers |
  | Built for linuxx8664gcc on Oct 14 2025, 03:00:55                 |
  | From heads/master@599cbfd2                                       |
  | With c++ (GCC) 14.2.1 20250110 (Red Hat 14.2.1-7)                |
  | Try '.help'/'.?', '.demo', '.license', '.credits', '.quit'/'.q'  |
   ------------------------------------------------------------------


Processing LoadAll.c("CLD")...
Processing RunMetrics.cc+("opt/GeoOPT.txt", "opt/metrics.root")...
1 PIPE -100 100 0.0228 0.0012 0.35276 0 0 0 0 0 0
1 VTX -0.617236 0.617236 1.02463 5e-05 0.0937 2 0 1.5708 5e-06 5e-06 1
1 VTX -0.087264 0.087264 0.530292 5e-05 0.0937 2 0 1.5708 5e-06 5e-06 1
1 VTX -0.352712 0.352712 0.505956 5e-05 0.0937 2 0 1.5708 5e-06 5e-06 1
1 VTX -0.455646 0.455646 1.06098 5e-05 0.0937 2 0 1.5708 5e-06 5e-06 1
1 VTX -1.30386 1.30386 1.45508 5e-05 0.0937 2 0 1.5708 5e-06 5e-06 1
1 VTX -1.2888 1.2888 1.3603 5e-05 0.0937 2 0 1.5708 5e-06 5e-06 1
1 VTX -0.240771 0.240771 1.27427 5e-05 0.0937 2 0 1.5708 5e-06 5e-06 1
1 VTX -1.46258 1.46258 1.25564 5e-05 0.0937 2 0 1.5708 5e-06 5e-06 1
1 VTX -0.065 0.065 0.028 0.000557 0.0937 0 0 0 0 0 0
1 VTX -0.065 0.065 0.051 0.000557 0.0937 0 0 0 0 0 0
1 VTX -0.065 0.065 0.074 0.000557 0.0937 0 0 0 0 0 0
1 VTX -0.065 0.065 0.102 0.000557 0.0937 0 0 0 0 0 0
1 VTX -0.5 0.5 0.113 0.000337 0.0937 0 0 0 0 0 0
1 ITK -0.445005 0.445005 1.24306 0.000956 0.0937 2 0 1.5708 7e-06 9e-05 1
1 ITK -0.604262 0.604262 0.172061 0.000956 0.0937 2 0 1.5708 7e-06 9e-05 1
1 ITK -1.46969 1.46969 1.3286 0.000956 0.0937 2 0 1.5708 7e-06 9e-05 1
1 ITK -0.4816 0.4816 0.132 0.00017 0.0937 0 0 0 0 0 0
1 ITK -0.4816 0.4816 0.345 0.00017 0.0937 0 0 0 0 0 0
1 ITK -0.6923 0.6923 0.559 0.00017 0.0937 0 0 0 0 0 0
1 ITK -2.3 2.3 0.57 0.00125 0.0937 0 0 0 0 0 0
1 ITK -2.3 2.3 0.5705 0.000281 0.0937 0 0 0 0 0 0
1 OTK -1.28664 1.28664 0.102017 0.000956 0.0937 2 0 1.5708 7e-06 9e-05 1
1 OTK -0.618988 0.618988 0.118133 0.000956 0.0937 2 0 1.5708 7e-06 9e-05 1
1 OTK -0.21223 0.21223 0.533109 0.000956 0.0937 2 0 1.5708 7e-06 9e-05 1
1 OTK -1.2642 1.2642 0.824 0.000244 0.0937 0 0 0 0 0 0
1 OTK -1.2642 1.2642 1.143 0.000117 0.0937 0 0 0 0 0 0
1 OTK -1.2642 1.2642 1.476 0.000117 0.0937 0 0 0 0 0 0
2 VTXDSK 0.05 0.112 -0.28 5e-05 0.0937 2 0 1.5708 5e-06 5e-06 1
2 VTXDSK 0.035 0.112 -0.2 5e-05 0.0937 2 0 1.5708 5e-06 5e-06 1
2 VTXDSK 0.028 0.112 -0.12 5e-05 0.0937 2 0 1.5708 5e-06 5e-06 1
2 VTXDSK 0.022 0.112 -0.08 5e-05 0.0937 2 0 1.5708 5e-06 5e-06 1
2 VTXDSK 0.022 0.112 0.08 5e-05 0.0937 2 0 1.5708 5e-06 5e-06 1
2 VTXDSK 0.028 0.112 0.12 5e-05 0.0937 2 0 1.5708 5e-06 5e-06 1
2 VTXDSK 0.035 0.112 0.2 5e-05 0.0937 2 0 1.5708 5e-06 5e-06 1
2 VTXDSK 0.05 0.112 0.28 5e-05 0.0937 2 0 1.5708 5e-06 5e-06 1
2 ITKDSK 0.284 0.56 -2.19 0.000956 0.0937 2 0 1.5708 7e-06 9e-05 1
2 ITKDSK 0.264 0.56 -1.946 0.000956 0.0937 2 0 1.5708 7e-06 9e-05 1
2 ITKDSK 0.237 0.56 -1.661 0.000956 0.0937 2 0 1.5708 7e-06 9e-05 1
2 ITKDSK 0.212 0.56 -1.377 0.000956 0.0937 2 0 1.5708 7e-06 9e-05 1
2 ITKDSK 0.19 0.56 -1.093 0.000956 0.0937 2 0 1.5708 7e-06 9e-05 1
2 ITKDSK 0.147 0.56 -0.808 0.000956 0.0937 2 0 1.5708 7e-06 9e-05 1
2 ITKDSK 0.095 0.41 -0.524 0.000956 0.0937 2 0 1.5708 7e-06 9e-05 1
2 ITKDSK 0.095 0.41 0.524 0.000956 0.0937 2 0 1.5708 7e-06 9e-05 1
2 ITKDSK 0.147 0.56 0.808 0.000956 0.0937 2 0 1.5708 7e-06 9e-05 1
2 ITKDSK 0.19 0.56 1.093 0.000956 0.0937 2 0 1.5708 7e-06 9e-05 1
2 ITKDSK 0.212 0.56 1.377 0.000956 0.0937 2 0 1.5708 7e-06 9e-05 1
2 ITKDSK 0.237 0.56 1.661 0.000956 0.0937 2 0 1.5708 7e-06 9e-05 1
2 ITKDSK 0.264 0.56 1.946 0.000956 0.0937 2 0 1.5708 7e-06 9e-05 1
2 ITKDSK 0.284 0.56 2.19 0.000956 0.0937 2 0 1.5708 7e-06 9e-05 1
2 OTKDSK 0.6175 1.4302 -2.19 0.000956 0.0937 2 0 1.5708 7e-06 9e-05 1
2 OTKDSK 0.6175 1.4302 -1.883 0.000956 0.0937 2 0 1.5708 7e-06 9e-05 1
2 OTKDSK 0.6175 1.4302 -1.617 0.000956 0.0937 2 0 1.5708 7e-06 9e-05 1
2 OTKDSK 0.6175 1.4302 -1.31 0.000956 0.0937 2 0 1.5708 7e-06 9e-05 1
2 OTKDSK 0.6175 1.4302 1.31 0.000956 0.0937 2 0 1.5708 7e-06 9e-05 1
2 OTKDSK 0.6175 1.4302 1.617 0.000956 0.0937 2 0 1.5708 7e-06 9e-05 1
2 OTKDSK 0.6175 1.4302 1.883 0.000956 0.0937 2 0 1.5708 7e-06 9e-05 1
2 OTKDSK 0.6175 1.4302 2.19 0.000956 0.0937 2 0 1.5708 7e-06 9e-05 1
2 OTKDSK 0.6175 1.4302 -2.18 0.000342 0.0937 0 0 0 0 0 0
2 OTKDSK 0.6175 1.4302 -1.893 0.000342 0.0937 0 0 0 0 0 0
2 OTKDSK 0.6175 1.4302 -1.607 0.000342 0.0937 0 0 0 0 0 0
2 OTKDSK 0.6175 1.4302 -1.32 0.000342 0.0937 0 0 0 0 0 0
2 OTKDSK 0.6175 1.4302 1.32 0.000342 0.0937 0 0 0 0 0 0
2 OTKDSK 0.6175 1.4302 1.607 0.000342 0.0937 0 0 0 0 0 0
2 OTKDSK 0.6175 1.4302 1.893 0.000342 0.0937 0 0 0 0 0 0
2 OTKDSK 0.6175 1.4302 2.18 0.000342 0.0937 0 0 0 0 0 0
SolGeom::GeoRead completed with 66 layers input
i = 0, Detector = PIPE
i = 1, Detector = VTX
i = 2, Detector = ITK
i = 3, Detector = OTK
i = 4, Detector = VTXDSK
i = 5, Detector = ITKDSK
i = 6, Detector = OTKDSK
SolTrack::CovCalc: Error matrix not positive definite. Recovering ....
   ------------------------------------------------------------------
  | Welcome to ROOT 6.37.01                        https://root.cern |
  | (c) 1995-2025, The ROOT Team; conception: R. Brun, F. Rademakers |
  | Built for linuxx8664gcc on Oct 14 2025, 03:00:55                 |
  | From heads/master@599cbfd2                                       |
  | With c++ (GCC) 14.2.1 20250110 (Red Hat 14.2.1-7)                |
  | Try '.help'/'.?', '.demo', '.license', '.credits', '.quit'/'.q'  |
   ------------------------------------------------------------------


Processing LoadAll.c("CLD")...
Processing RunMetrics.cc+("opt/GeoOPT.txt", "opt/metrics.root")...
1 PIPE -100 100 0.0228 0.0012 0.35276 0 0 0 0 0 0
1 VTX -0.547361 0.547361 1.06163 5e-05 0.0937 2 0 1.5708 5e-06 5e-06 1
1 VTX -0.638758 0.638758 1.14163 5e-05 0.0937 2 0 1.5708 5e-06 5e-06 1
1 VTX -1.01657 1.01657 0.334128 5e-05 0.0937 2 0 1.5708 5e-06 5e-06 1
1 VTX -0.478787 0.478787 0.176642 5e-05 0.0937 2 0 1.5708 5e-06 5e-06 1
1 VTX -1.05067 1.05067 1.13343 5e-05 0.0937 2 0 1.5708 5e-06 5e-06 1
1 VTX -0.830966 0.830966 0.469753 5e-05 0.0937 2 0 1.5708 5e-06 5e-06 1
1 VTX -0.546848 0.546848 0.764081 5e-05 0.0937 2 0 1.5708 5e-06 5e-06 1
1 VTX -0.721496 0.721496 0.923187 5e-05 0.0937 2 0 1.5708 5e-06 5e-06 1
1 VTX -0.065 0.065 0.028 0.000557 0.0937 0 0 0 0 0 0
1 VTX -0.065 0.065 0.051 0.000557 0.0937 0 0 0 0 0 0
1 VTX -0.065 0.065 0.074 0.000557 0.0937 0 0 0 0 0 0
1 VTX -0.065 0.065 0.102 0.000557 0.0937 0 0 0 0 0 0
1 VTX -0.5 0.5 0.113 0.000337 0.0937 0 0 0 0 0 0
1 ITK -0.452919 0.452919 1.06395 0.000956 0.0937 2 0 1.5708 7e-06 9e-05 1
1 ITK -0.483208 0.483208 0.430482 0.000956 0.0937 2 0 1.5708 7e-06 9e-05 1
1 ITK -1.06886 1.06886 0.961999 0.000956 0.0937 2 0 1.5708 7e-06 9e-05 1
1 ITK -0.4816 0.4816 0.132 0.00017 0.0937 0 0 0 0 0 0
1 ITK -0.4816 0.4816 0.345 0.00017 0.0937 0 0 0 0 0 0
1 ITK -0.6923 0.6923 0.559 0.00017 0.0937 0 0 0 0 0 0
1 ITK -2.3 2.3 0.57 0.00125 0.0937 0 0 0 0 0 0
1 ITK -2.3 2.3 0.5705 0.000281 0.0937 0 0 0 0 0 0
1 OTK -1.12487 1.12487 0.27422 0.000956 0.0937 2 0 1.5708 7e-06 9e-05 1
1 OTK -0.184107 0.184107 0.475274 0.000956 0.0937 2 0 1.5708 7e-06 9e-05 1
1 OTK -0.141174 0.141174 0.782702 0.000956 0.0937 2 0 1.5708 7e-06 9e-05 1
1 OTK -1.2642 1.2642 0.824 0.000244 0.0937 0 0 0 0 0 0
1 OTK -1.2642 1.2642 1.143 0.000117 0.0937 0 0 0 0 0 0
1 OTK -1.2642 1.2642 1.476 0.000117 0.0937 0 0 0 0 0 0
2 VTXDSK 0.05 0.112 -0.28 5e-05 0.0937 2 0 1.5708 5e-06 5e-06 1
2 VTXDSK 0.035 0.112 -0.2 5e-05 0.0937 2 0 1.5708 5e-06 5e-06 1
2 VTXDSK 0.028 0.112 -0.12 5e-05 0.0937 2 0 1.5708 5e-06 5e-06 1
2 VTXDSK 0.022 0.112 -0.08 5e-05 0.0937 2 0 1.5708 5e-06 5e-06 1
2 VTXDSK 0.022 0.112 0.08 5e-05 0.0937 2 0 1.5708 5e-06 5e-06 1
2 VTXDSK 0.028 0.112 0.12 5e-05 0.0937 2 0 1.5708 5e-06 5e-06 1
2 VTXDSK 0.035 0.112 0.2 5e-05 0.0937 2 0 1.5708 5e-06 5e-06 1
2 VTXDSK 0.05 0.112 0.28 5e-05 0.0937 2 0 1.5708 5e-06 5e-06 1
2 ITKDSK 0.284 0.56 -2.19 0.000956 0.0937 2 0 1.5708 7e-06 9e-05 1
2 ITKDSK 0.264 0.56 -1.946 0.000956 0.0937 2 0 1.5708 7e-06 9e-05 1
2 ITKDSK 0.237 0.56 -1.661 0.000956 0.0937 2 0 1.5708 7e-06 9e-05 1
2 ITKDSK 0.212 0.56 -1.377 0.000956 0.0937 2 0 1.5708 7e-06 9e-05 1
2 ITKDSK 0.19 0.56 -1.093 0.000956 0.0937 2 0 1.5708 7e-06 9e-05 1
2 ITKDSK 0.147 0.56 -0.808 0.000956 0.0937 2 0 1.5708 7e-06 9e-05 1
2 ITKDSK 0.095 0.41 -0.524 0.000956 0.0937 2 0 1.5708 7e-06 9e-05 1
2 ITKDSK 0.095 0.41 0.524 0.000956 0.0937 2 0 1.5708 7e-06 9e-05 1
2 ITKDSK 0.147 0.56 0.808 0.000956 0.0937 2 0 1.5708 7e-06 9e-05 1
2 ITKDSK 0.19 0.56 1.093 0.000956 0.0937 2 0 1.5708 7e-06 9e-05 1
2 ITKDSK 0.212 0.56 1.377 0.000956 0.0937 2 0 1.5708 7e-06 9e-05 1
2 ITKDSK 0.237 0.56 1.661 0.000956 0.0937 2 0 1.5708 7e-06 9e-05 1
2 ITKDSK 0.264 0.56 1.946 0.000956 0.0937 2 0 1.5708 7e-06 9e-05 1
2 ITKDSK 0.284 0.56 2.19 0.000956 0.0937 2 0 1.5708 7e-06 9e-05 1
2 OTKDSK 0.6175 1.4302 -2.19 0.000956 0.0937 2 0 1.5708 7e-06 9e-05 1
2 OTKDSK 0.6175 1.4302 -1.883 0.000956 0.0937 2 0 1.5708 7e-06 9e-05 1
2 OTKDSK 0.6175 1.4302 -1.617 0.000956 0.0937 2 0 1.5708 7e-06 9e-05 1
2 OTKDSK 0.6175 1.4302 -1.31 0.000956 0.0937 2 0 1.5708 7e-06 9e-05 1
2 OTKDSK 0.6175 1.4302 1.31 0.000956 0.0937 2 0 1.5708 7e-06 9e-05 1
2 OTKDSK 0.6175 1.4302 1.617 0.000956 0.0937 2 0 1.5708 7e-06 9e-05 1
2 OTKDSK 0.6175 1.4302 1.883 0.000956 0.0937 2 0 1.5708 7e-06 9e-05 1
2 OTKDSK 0.6175 1.4302 2.19 0.000956 0.0937 2 0 1.5708 7e-06 9e-05 1
2 OTKDSK 0.6175 1.4302 -2.18 0.000342 0.0937 0 0 0 0 0 0
2 OTKDSK 0.6175 1.4302 -1.893 0.000342 0.0937 0 0 0 0 0 0
2 OTKDSK 0.6175 1.4302 -1.607 0.000342 0.0937 0 0 0 0 0 0
2 OTKDSK 0.6175 1.4302 -1.32 0.000342 0.0937 0 0 0 0 0 0
2 OTKDSK 0.6175 1.4302 1.32 0.000342 0.0937 0 0 0 0 0 0
2 OTKDSK 0.6175 1.4302 1.607 0.000342 0.0937 0 0 0 0 0 0
2 OTKDSK 0.6175 1.4302 1.893 0.000342 0.0937 0 0 0 0 0 0
2 OTKDSK 0.6175 1.4302 2.18 0.000342 0.0937 0 0 0 0 0 0
SolGeom::GeoRead completed with 66 layers input
i = 0, Detector = PIPE
i = 1, Detector = VTX
i = 2, Detector = ITK
i = 3, Detector = OTK
i = 4, Detector = VTXDSK
i = 5, Detector = ITKDSK
i = 6, Detector = OTKDSK
SolTrack::CovCalc: Error matrix not positive definite. Recovering ....
SolTrack::CovCalc: Error matrix not positive definite. Recovering ....
   ------------------------------------------------------------------
  | Welcome to ROOT 6.37.01                        https://root.cern |
  | (c) 1995-2025, The ROOT Team; conception: R. Brun, F. Rademakers |
  | Built for linuxx8664gcc on Oct 14 2025, 03:00:55                 |
  | From heads/master@599cbfd2                                       |
  | With c++ (GCC) 14.2.1 20250110 (Red Hat 14.2.1-7)                |
  | Try '.help'/'.?', '.demo', '.license', '.credits', '.quit'/'.q'  |
   ------------------------------------------------------------------


Processing LoadAll.c("CLD")...
Processing RunMetrics.cc+("opt/GeoOPT.txt", "opt/metrics.root")...
1 PIPE -100 100 0.0228 0.0012 0.35276 0 0 0 0 0 0
1 VTX -0.707385 0.707385 1.12785 5e-05 0.0937 2 0 1.5708 5e-06 5e-06 1
1 VTX -1.17197 1.17197 0.435761 5e-05 0.0937 2 0 1.5708 5e-06 5e-06 1
1 VTX -1.16301 1.16301 0.458814 5e-05 0.0937 2 0 1.5708 5e-06 5e-06 1
1 VTX -0.414063 0.414063 1.16904 5e-05 0.0937 2 0 1.5708 5e-06 5e-06 1
1 VTX -1.05438 1.05438 1.23084 5e-05 0.0937 2 0 1.5708 5e-06 5e-06 1
1 VTX -0.822323 0.822323 1.27113 5e-05 0.0937 2 0 1.5708 5e-06 5e-06 1
1 VTX -0.23329 0.23329 1.13672 5e-05 0.0937 2 0 1.5708 5e-06 5e-06 1
1 VTX -1.38532 1.38532 1.36386 5e-05 0.0937 2 0 1.5708 5e-06 5e-06 1
1 VTX -0.065 0.065 0.028 0.000557 0.0937 0 0 0 0 0 0
1 VTX -0.065 0.065 0.051 0.000557 0.0937 0 0 0 0 0 0
1 VTX -0.065 0.065 0.074 0.000557 0.0937 0 0 0 0 0 0
1 VTX -0.065 0.065 0.102 0.000557 0.0937 0 0 0 0 0 0
1 VTX -0.5 0.5 0.113 0.000337 0.0937 0 0 0 0 0 0
1 ITK -0.434275 0.434275 1.16543 0.000956 0.0937 2 0 1.5708 7e-06 9e-05 1
1 ITK -1.0725 1.0725 0.432534 0.000956 0.0937 2 0 1.5708 7e-06 9e-05 1
1 ITK -1.17806 1.17806 1.44723 0.000956 0.0937 2 0 1.5708 7e-06 9e-05 1
1 ITK -0.4816 0.4816 0.132 0.00017 0.0937 0 0 0 0 0 0
1 ITK -0.4816 0.4816 0.345 0.00017 0.0937 0 0 0 0 0 0
1 ITK -0.6923 0.6923 0.559 0.00017 0.0937 0 0 0 0 0 0
1 ITK -2.3 2.3 0.57 0.00125 0.0937 0 0 0 0 0 0
1 ITK -2.3 2.3 0.5705 0.000281 0.0937 0 0 0 0 0 0
1 OTK -0.445786 0.445786 1.26407 0.000956 0.0937 2 0 1.5708 7e-06 9e-05 1
1 OTK -0.225607 0.225607 0.309005 0.000956 0.0937 2 0 1.5708 7e-06 9e-05 1
1 OTK -0.45347 0.45347 0.296968 0.000956 0.0937 2 0 1.5708 7e-06 9e-05 1
1 OTK -1.2642 1.2642 0.824 0.000244 0.0937 0 0 0 0 0 0
1 OTK -1.2642 1.2642 1.143 0.000117 0.0937 0 0 0 0 0 0
1 OTK -1.2642 1.2642 1.476 0.000117 0.0937 0 0 0 0 0 0
2 VTXDSK 0.05 0.112 -0.28 5e-05 0.0937 2 0 1.5708 5e-06 5e-06 1
2 VTXDSK 0.035 0.112 -0.2 5e-05 0.0937 2 0 1.5708 5e-06 5e-06 1
2 VTXDSK 0.028 0.112 -0.12 5e-05 0.0937 2 0 1.5708 5e-06 5e-06 1
2 VTXDSK 0.022 0.112 -0.08 5e-05 0.0937 2 0 1.5708 5e-06 5e-06 1
2 VTXDSK 0.022 0.112 0.08 5e-05 0.0937 2 0 1.5708 5e-06 5e-06 1
2 VTXDSK 0.028 0.112 0.12 5e-05 0.0937 2 0 1.5708 5e-06 5e-06 1
2 VTXDSK 0.035 0.112 0.2 5e-05 0.0937 2 0 1.5708 5e-06 5e-06 1
2 VTXDSK 0.05 0.112 0.28 5e-05 0.0937 2 0 1.5708 5e-06 5e-06 1
2 ITKDSK 0.284 0.56 -2.19 0.000956 0.0937 2 0 1.5708 7e-06 9e-05 1
2 ITKDSK 0.264 0.56 -1.946 0.000956 0.0937 2 0 1.5708 7e-06 9e-05 1
2 ITKDSK 0.237 0.56 -1.661 0.000956 0.0937 2 0 1.5708 7e-06 9e-05 1
2 ITKDSK 0.212 0.56 -1.377 0.000956 0.0937 2 0 1.5708 7e-06 9e-05 1
2 ITKDSK 0.19 0.56 -1.093 0.000956 0.0937 2 0 1.5708 7e-06 9e-05 1
2 ITKDSK 0.147 0.56 -0.808 0.000956 0.0937 2 0 1.5708 7e-06 9e-05 1
2 ITKDSK 0.095 0.41 -0.524 0.000956 0.0937 2 0 1.5708 7e-06 9e-05 1
2 ITKDSK 0.095 0.41 0.524 0.000956 0.0937 2 0 1.5708 7e-06 9e-05 1
2 ITKDSK 0.147 0.56 0.808 0.000956 0.0937 2 0 1.5708 7e-06 9e-05 1
2 ITKDSK 0.19 0.56 1.093 0.000956 0.0937 2 0 1.5708 7e-06 9e-05 1
2 ITKDSK 0.212 0.56 1.377 0.000956 0.0937 2 0 1.5708 7e-06 9e-05 1
2 ITKDSK 0.237 0.56 1.661 0.000956 0.0937 2 0 1.5708 7e-06 9e-05 1
2 ITKDSK 0.264 0.56 1.946 0.000956 0.0937 2 0 1.5708 7e-06 9e-05 1
2 ITKDSK 0.284 0.56 2.19 0.000956 0.0937 2 0 1.5708 7e-06 9e-05 1
2 OTKDSK 0.6175 1.4302 -2.19 0.000956 0.0937 2 0 1.5708 7e-06 9e-05 1
2 OTKDSK 0.6175 1.4302 -1.883 0.000956 0.0937 2 0 1.5708 7e-06 9e-05 1
2 OTKDSK 0.6175 1.4302 -1.617 0.000956 0.0937 2 0 1.5708 7e-06 9e-05 1
2 OTKDSK 0.6175 1.4302 -1.31 0.000956 0.0937 2 0 1.5708 7e-06 9e-05 1
2 OTKDSK 0.6175 1.4302 1.31 0.000956 0.0937 2 0 1.5708 7e-06 9e-05 1
2 OTKDSK 0.6175 1.4302 1.617 0.000956 0.0937 2 0 1.5708 7e-06 9e-05 1
2 OTKDSK 0.6175 1.4302 1.883 0.000956 0.0937 2 0 1.5708 7e-06 9e-05 1
2 OTKDSK 0.6175 1.4302 2.19 0.000956 0.0937 2 0 1.5708 7e-06 9e-05 1
2 OTKDSK 0.6175 1.4302 -2.18 0.000342 0.0937 0 0 0 0 0 0
2 OTKDSK 0.6175 1.4302 -1.893 0.000342 0.0937 0 0 0 0 0 0
2 OTKDSK 0.6175 1.4302 -1.607 0.000342 0.0937 0 0 0 0 0 0
2 OTKDSK 0.6175 1.4302 -1.32 0.000342 0.0937 0 0 0 0 0 0
2 OTKDSK 0.6175 1.4302 1.32 0.000342 0.0937 0 0 0 0 0 0
2 OTKDSK 0.6175 1.4302 1.607 0.000342 0.0937 0 0 0 0 0 0
2 OTKDSK 0.6175 1.4302 1.893 0.000342 0.0937 0 0 0 0 0 0
2 OTKDSK 0.6175 1.4302 2.18 0.000342 0.0937 0 0 0 0 0 0
SolGeom::GeoRead completed with 66 layers input
i = 0, Detector = PIPE
i = 1, Detector = VTX
i = 2, Detector = ITK
i = 3, Detector = OTK
i = 4, Detector = VTXDSK
i = 5, Detector = ITKDSK
i = 6, Detector = OTKDSK
SolTrack::CovCalc: Error matrix not positive definite. Recovering ....
   ------------------------------------------------------------------
  | Welcome to ROOT 6.37.01                        https://root.cern |
  | (c) 1995-2025, The ROOT Team; conception: R. Brun, F. Rademakers |
  | Built for linuxx8664gcc on Oct 14 2025, 03:00:55                 |
  | From heads/master@599cbfd2                                       |
  | With c++ (GCC) 14.2.1 20250110 (Red Hat 14.2.1-7)                |
  | Try '.help'/'.?', '.demo', '.license', '.credits', '.quit'/'.q'  |
   ------------------------------------------------------------------


Processing LoadAll.c("CLD")...
Processing RunMetrics.cc+("opt/GeoOPT.txt", "opt/metrics.root")...
1 PIPE -100 100 0.0228 0.0012 0.35276 0 0 0 0 0 0
1 VTX -0.651324 0.651324 1.22926 5e-05 0.0937 2 0 1.5708 5e-06 5e-06 1
1 VTX -0.37656 0.37656 0.73638 5e-05 0.0937 2 0 1.5708 5e-06 5e-06 1
1 VTX -0.42223 0.42223 0.710308 5e-05 0.0937 2 0 1.5708 5e-06 5e-06 1
1 VTX -0.627468 0.627468 1.0507 5e-05 0.0937 2 0 1.5708 5e-06 5e-06 1
1 VTX -1.2493 1.2493 0.990245 5e-05 0.0937 2 0 1.5708 5e-06 5e-06 1
1 VTX -0.737675 0.737675 0.677657 5e-05 0.0937 2 0 1.5708 5e-06 5e-06 1
1 VTX -0.319768 0.319768 1.13584 5e-05 0.0937 2 0 1.5708 5e-06 5e-06 1
1 VTX -0.910759 0.910759 1.4247 5e-05 0.0937 2 0 1.5708 5e-06 5e-06 1
1 VTX -0.065 0.065 0.028 0.000557 0.0937 0 0 0 0 0 0
1 VTX -0.065 0.065 0.051 0.000557 0.0937 0 0 0 0 0 0
1 VTX -0.065 0.065 0.074 0.000557 0.0937 0 0 0 0 0 0
1 VTX -0.065 0.065 0.102 0.000557 0.0937 0 0 0 0 0 0
1 VTX -0.5 0.5 0.113 0.000337 0.0937 0 0 0 0 0 0
1 ITK -0.522683 0.522683 0.841468 0.000956 0.0937 2 0 1.5708 7e-06 9e-05 1
1 ITK -0.105641 0.105641 0.755459 0.000956 0.0937 2 0 1.5708 7e-06 9e-05 1
1 ITK -0.880859 0.880859 0.439168 0.000956 0.0937 2 0 1.5708 7e-06 9e-05 1
1 ITK -0.4816 0.4816 0.132 0.00017 0.0937 0 0 0 0 0 0
1 ITK -0.4816 0.4816 0.345 0.00017 0.0937 0 0 0 0 0 0
1 ITK -0.6923 0.6923 0.559 0.00017 0.0937 0 0 0 0 0 0
1 ITK -2.3 2.3 0.57 0.00125 0.0937 0 0 0 0 0 0
1 ITK -2.3 2.3 0.5705 0.000281 0.0937 0 0 0 0 0 0
1 OTK -1.03927 1.03927 0.101731 0.000956 0.0937 2 0 1.5708 7e-06 9e-05 1
1 OTK -0.441974 0.441974 1.10044 0.000956 0.0937 2 0 1.5708 7e-06 9e-05 1
1 OTK -0.995066 0.995066 0.100045 0.000956 0.0937 2 0 1.5708 7e-06 9e-05 1
1 OTK -1.2642 1.2642 0.824 0.000244 0.0937 0 0 0 0 0 0
1 OTK -1.2642 1.2642 1.143 0.000117 0.0937 0 0 0 0 0 0
1 OTK -1.2642 1.2642 1.476 0.000117 0.0937 0 0 0 0 0 0
2 VTXDSK 0.05 0.112 -0.28 5e-05 0.0937 2 0 1.5708 5e-06 5e-06 1
2 VTXDSK 0.035 0.112 -0.2 5e-05 0.0937 2 0 1.5708 5e-06 5e-06 1
2 VTXDSK 0.028 0.112 -0.12 5e-05 0.0937 2 0 1.5708 5e-06 5e-06 1
2 VTXDSK 0.022 0.112 -0.08 5e-05 0.0937 2 0 1.5708 5e-06 5e-06 1
2 VTXDSK 0.022 0.112 0.08 5e-05 0.0937 2 0 1.5708 5e-06 5e-06 1
2 VTXDSK 0.028 0.112 0.12 5e-05 0.0937 2 0 1.5708 5e-06 5e-06 1
2 VTXDSK 0.035 0.112 0.2 5e-05 0.0937 2 0 1.5708 5e-06 5e-06 1
2 VTXDSK 0.05 0.112 0.28 5e-05 0.0937 2 0 1.5708 5e-06 5e-06 1
2 ITKDSK 0.284 0.56 -2.19 0.000956 0.0937 2 0 1.5708 7e-06 9e-05 1
2 ITKDSK 0.264 0.56 -1.946 0.000956 0.0937 2 0 1.5708 7e-06 9e-05 1
2 ITKDSK 0.237 0.56 -1.661 0.000956 0.0937 2 0 1.5708 7e-06 9e-05 1
2 ITKDSK 0.212 0.56 -1.377 0.000956 0.0937 2 0 1.5708 7e-06 9e-05 1
2 ITKDSK 0.19 0.56 -1.093 0.000956 0.0937 2 0 1.5708 7e-06 9e-05 1
2 ITKDSK 0.147 0.56 -0.808 0.000956 0.0937 2 0 1.5708 7e-06 9e-05 1
2 ITKDSK 0.095 0.41 -0.524 0.000956 0.0937 2 0 1.5708 7e-06 9e-05 1
2 ITKDSK 0.095 0.41 0.524 0.000956 0.0937 2 0 1.5708 7e-06 9e-05 1
2 ITKDSK 0.147 0.56 0.808 0.000956 0.0937 2 0 1.5708 7e-06 9e-05 1
2 ITKDSK 0.19 0.56 1.093 0.000956 0.0937 2 0 1.5708 7e-06 9e-05 1
2 ITKDSK 0.212 0.56 1.377 0.000956 0.0937 2 0 1.5708 7e-06 9e-05 1
2 ITKDSK 0.237 0.56 1.661 0.000956 0.0937 2 0 1.5708 7e-06 9e-05 1
2 ITKDSK 0.264 0.56 1.946 0.000956 0.0937 2 0 1.5708 7e-06 9e-05 1
2 ITKDSK 0.284 0.56 2.19 0.000956 0.0937 2 0 1.5708 7e-06 9e-05 1
2 OTKDSK 0.6175 1.4302 -2.19 0.000956 0.0937 2 0 1.5708 7e-06 9e-05 1
2 OTKDSK 0.6175 1.4302 -1.883 0.000956 0.0937 2 0 1.5708 7e-06 9e-05 1
2 OTKDSK 0.6175 1.4302 -1.617 0.000956 0.0937 2 0 1.5708 7e-06 9e-05 1
2 OTKDSK 0.6175 1.4302 -1.31 0.000956 0.0937 2 0 1.5708 7e-06 9e-05 1
2 OTKDSK 0.6175 1.4302 1.31 0.000956 0.0937 2 0 1.5708 7e-06 9e-05 1
2 OTKDSK 0.6175 1.4302 1.617 0.000956 0.0937 2 0 1.5708 7e-06 9e-05 1
2 OTKDSK 0.6175 1.4302 1.883 0.000956 0.0937 2 0 1.5708 7e-06 9e-05 1
2 OTKDSK 0.6175 1.4302 2.19 0.000956 0.0937 2 0 1.5708 7e-06 9e-05 1
2 OTKDSK 0.6175 1.4302 -2.18 0.000342 0.0937 0 0 0 0 0 0
2 OTKDSK 0.6175 1.4302 -1.893 0.000342 0.0937 0 0 0 0 0 0
2 OTKDSK 0.6175 1.4302 -1.607 0.000342 0.0937 0 0 0 0 0 0
2 OTKDSK 0.6175 1.4302 -1.32 0.000342 0.0937 0 0 0 0 0 0
2 OTKDSK 0.6175 1.4302 1.32 0.000342 0.0937 0 0 0 0 0 0
2 OTKDSK 0.6175 1.4302 1.607 0.000342 0.0937 0 0 0 0 0 0
2 OTKDSK 0.6175 1.4302 1.893 0.000342 0.0937 0 0 0 0 0 0
2 OTKDSK 0.6175 1.4302 2.18 0.000342 0.0937 0 0 0 0 0 0
SolGeom::GeoRead completed with 66 layers input
i = 0, Detector = PIPE
i = 1, Detector = VTX
i = 2, Detector = ITK
i = 3, Detector = OTK
i = 4, Detector = VTXDSK
i = 5, Detector = ITKDSK
i = 6, Detector = OTKDSK
   ------------------------------------------------------------------
  | Welcome to ROOT 6.37.01                        https://root.cern |
  | (c) 1995-2025, The ROOT Team; conception: R. Brun, F. Rademakers |
  | Built for linuxx8664gcc on Oct 14 2025, 03:00:55                 |
  | From heads/master@599cbfd2                                       |
  | With c++ (GCC) 14.2.1 20250110 (Red Hat 14.2.1-7)                |
  | Try '.help'/'.?', '.demo', '.license', '.credits', '.quit'/'.q'  |
   ------------------------------------------------------------------


Processing LoadAll.c("CLD")...
Processing RunMetrics.cc+("opt/GeoOPT.txt", "opt/metrics.root")...
1 PIPE -100 100 0.0228 0.0012 0.35276 0 0 0 0 0 0
1 VTX -0.984219 0.984219 0.911866 5e-05 0.0937 2 0 1.5708 5e-06 5e-06 1
1 VTX -0.695354 0.695354 1.20279 5e-05 0.0937 2 0 1.5708 5e-06 5e-06 1
1 VTX -1.02921 1.02921 1.0605 5e-05 0.0937 2 0 1.5708 5e-06 5e-06 1
1 VTX -0.857254 0.857254 0.298888 5e-05 0.0937 2 0 1.5708 5e-06 5e-06 1
1 VTX -0.528257 0.528257 1.25158 5e-05 0.0937 2 0 1.5708 5e-06 5e-06 1
1 VTX -1.27432 1.27432 0.595606 5e-05 0.0937 2 0 1.5708 5e-06 5e-06 1
1 VTX -0.616075 0.616075 1.11927 5e-05 0.0937 2 0 1.5708 5e-06 5e-06 1
1 VTX -1.20669 1.20669 0.498774 5e-05 0.0937 2 0 1.5708 5e-06 5e-06 1
1 VTX -0.065 0.065 0.028 0.000557 0.0937 0 0 0 0 0 0
1 VTX -0.065 0.065 0.051 0.000557 0.0937 0 0 0 0 0 0
1 VTX -0.065 0.065 0.074 0.000557 0.0937 0 0 0 0 0 0
1 VTX -0.065 0.065 0.102 0.000557 0.0937 0 0 0 0 0 0
1 VTX -0.5 0.5 0.113 0.000337 0.0937 0 0 0 0 0 0
1 ITK -0.223656 0.223656 0.685706 0.000956 0.0937 2 0 1.5708 7e-06 9e-05 1
1 ITK -0.703778 0.703778 0.232846 0.000956 0.0937 2 0 1.5708 7e-06 9e-05 1
1 ITK -1.12801 1.12801 1.0371 0.000956 0.0937 2 0 1.5708 7e-06 9e-05 1
1 ITK -0.4816 0.4816 0.132 0.00017 0.0937 0 0 0 0 0 0
1 ITK -0.4816 0.4816 0.345 0.00017 0.0937 0 0 0 0 0 0
1 ITK -0.6923 0.6923 0.559 0.00017 0.0937 0 0 0 0 0 0
1 ITK -2.3 2.3 0.57 0.00125 0.0937 0 0 0 0 0 0
1 ITK -2.3 2.3 0.5705 0.000281 0.0937 0 0 0 0 0 0
1 OTK -1.07346 1.07346 0.818473 0.000956 0.0937 2 0 1.5708 7e-06 9e-05 1
1 OTK -0.37396 0.37396 0.835305 0.000956 0.0937 2 0 1.5708 7e-06 9e-05 1
1 OTK -0.515064 0.515064 0.171886 0.000956 0.0937 2 0 1.5708 7e-06 9e-05 1
1 OTK -1.2642 1.2642 0.824 0.000244 0.0937 0 0 0 0 0 0
1 OTK -1.2642 1.2642 1.143 0.000117 0.0937 0 0 0 0 0 0
1 OTK -1.2642 1.2642 1.476 0.000117 0.0937 0 0 0 0 0 0
2 VTXDSK 0.05 0.112 -0.28 5e-05 0.0937 2 0 1.5708 5e-06 5e-06 1
2 VTXDSK 0.035 0.112 -0.2 5e-05 0.0937 2 0 1.5708 5e-06 5e-06 1
2 VTXDSK 0.028 0.112 -0.12 5e-05 0.0937 2 0 1.5708 5e-06 5e-06 1
2 VTXDSK 0.022 0.112 -0.08 5e-05 0.0937 2 0 1.5708 5e-06 5e-06 1
2 VTXDSK 0.022 0.112 0.08 5e-05 0.0937 2 0 1.5708 5e-06 5e-06 1
2 VTXDSK 0.028 0.112 0.12 5e-05 0.0937 2 0 1.5708 5e-06 5e-06 1
2 VTXDSK 0.035 0.112 0.2 5e-05 0.0937 2 0 1.5708 5e-06 5e-06 1
2 VTXDSK 0.05 0.112 0.28 5e-05 0.0937 2 0 1.5708 5e-06 5e-06 1
2 ITKDSK 0.284 0.56 -2.19 0.000956 0.0937 2 0 1.5708 7e-06 9e-05 1
2 ITKDSK 0.264 0.56 -1.946 0.000956 0.0937 2 0 1.5708 7e-06 9e-05 1
2 ITKDSK 0.237 0.56 -1.661 0.000956 0.0937 2 0 1.5708 7e-06 9e-05 1
2 ITKDSK 0.212 0.56 -1.377 0.000956 0.0937 2 0 1.5708 7e-06 9e-05 1
2 ITKDSK 0.19 0.56 -1.093 0.000956 0.0937 2 0 1.5708 7e-06 9e-05 1
2 ITKDSK 0.147 0.56 -0.808 0.000956 0.0937 2 0 1.5708 7e-06 9e-05 1
2 ITKDSK 0.095 0.41 -0.524 0.000956 0.0937 2 0 1.5708 7e-06 9e-05 1
2 ITKDSK 0.095 0.41 0.524 0.000956 0.0937 2 0 1.5708 7e-06 9e-05 1
2 ITKDSK 0.147 0.56 0.808 0.000956 0.0937 2 0 1.5708 7e-06 9e-05 1
2 ITKDSK 0.19 0.56 1.093 0.000956 0.0937 2 0 1.5708 7e-06 9e-05 1
2 ITKDSK 0.212 0.56 1.377 0.000956 0.0937 2 0 1.5708 7e-06 9e-05 1
2 ITKDSK 0.237 0.56 1.661 0.000956 0.0937 2 0 1.5708 7e-06 9e-05 1
2 ITKDSK 0.264 0.56 1.946 0.000956 0.0937 2 0 1.5708 7e-06 9e-05 1
2 ITKDSK 0.284 0.56 2.19 0.000956 0.0937 2 0 1.5708 7e-06 9e-05 1
2 OTKDSK 0.6175 1.4302 -2.19 0.000956 0.0937 2 0 1.5708 7e-06 9e-05 1
2 OTKDSK 0.6175 1.4302 -1.883 0.000956 0.0937 2 0 1.5708 7e-06 9e-05 1
2 OTKDSK 0.6175 1.4302 -1.617 0.000956 0.0937 2 0 1.5708 7e-06 9e-05 1
2 OTKDSK 0.6175 1.4302 -1.31 0.000956 0.0937 2 0 1.5708 7e-06 9e-05 1
2 OTKDSK 0.6175 1.4302 1.31 0.000956 0.0937 2 0 1.5708 7e-06 9e-05 1
2 OTKDSK 0.6175 1.4302 1.617 0.000956 0.0937 2 0 1.5708 7e-06 9e-05 1
2 OTKDSK 0.6175 1.4302 1.883 0.000956 0.0937 2 0 1.5708 7e-06 9e-05 1
2 OTKDSK 0.6175 1.4302 2.19 0.000956 0.0937 2 0 1.5708 7e-06 9e-05 1
2 OTKDSK 0.6175 1.4302 -2.18 0.000342 0.0937 0 0 0 0 0 0
2 OTKDSK 0.6175 1.4302 -1.893 0.000342 0.0937 0 0 0 0 0 0
2 OTKDSK 0.6175 1.4302 -1.607 0.000342 0.0937 0 0 0 0 0 0
2 OTKDSK 0.6175 1.4302 -1.32 0.000342 0.0937 0 0 0 0 0 0
2 OTKDSK 0.6175 1.4302 1.32 0.000342 0.0937 0 0 0 0 0 0
2 OTKDSK 0.6175 1.4302 1.607 0.000342 0.0937 0 0 0 0 0 0
2 OTKDSK 0.6175 1.4302 1.893 0.000342 0.0937 0 0 0 0 0 0
2 OTKDSK 0.6175 1.4302 2.18 0.000342 0.0937 0 0 0 0 0 0
SolGeom::GeoRead completed with 66 layers input
i = 0, Detector = PIPE
i = 1, Detector = VTX
i = 2, Detector = ITK
i = 3, Detector = OTK
i = 4, Detector = VTXDSK
i = 5, Detector = ITKDSK
i = 6, Detector = OTKDSK
   ------------------------------------------------------------------
  | Welcome to ROOT 6.37.01                        https://root.cern |
  | (c) 1995-2025, The ROOT Team; conception: R. Brun, F. Rademakers |
  | Built for linuxx8664gcc on Oct 14 2025, 03:00:55                 |
  | From heads/master@599cbfd2                                       |
  | With c++ (GCC) 14.2.1 20250110 (Red Hat 14.2.1-7)                |
  | Try '.help'/'.?', '.demo', '.license', '.credits', '.quit'/'.q'  |
   ------------------------------------------------------------------


Processing LoadAll.c("CLD")...
Processing RunMetrics.cc+("opt/GeoOPT.txt", "opt/metrics.root")...
1 PIPE -100 100 0.0228 0.0012 0.35276 0 0 0 0 0 0
1 VTX -0.586419 0.586419 0.940852 5e-05 0.0937 2 0 1.5708 5e-06 5e-06 1
1 VTX -0.566056 0.566056 0.945609 5e-05 0.0937 2 0 1.5708 5e-06 5e-06 1
1 VTX -0.439109 0.439109 1.05933 5e-05 0.0937 2 0 1.5708 5e-06 5e-06 1
1 VTX -0.362374 0.362374 1.02561 5e-05 0.0937 2 0 1.5708 5e-06 5e-06 1
1 VTX -0.613565 0.613565 0.980283 5e-05 0.0937 2 0 1.5708 5e-06 5e-06 1
1 VTX -1.12731 1.12731 0.621906 5e-05 0.0937 2 0 1.5708 5e-06 5e-06 1
1 VTX -0.992083 0.992083 0.601265 5e-05 0.0937 2 0 1.5708 5e-06 5e-06 1
1 VTX -1.29897 1.29897 1.06494 5e-05 0.0937 2 0 1.5708 5e-06 5e-06 1
1 VTX -0.065 0.065 0.028 0.000557 0.0937 0 0 0 0 0 0
1 VTX -0.065 0.065 0.051 0.000557 0.0937 0 0 0 0 0 0
1 VTX -0.065 0.065 0.074 0.000557 0.0937 0 0 0 0 0 0
1 VTX -0.065 0.065 0.102 0.000557 0.0937 0 0 0 0 0 0
1 VTX -0.5 0.5 0.113 0.000337 0.0937 0 0 0 0 0 0
1 ITK -0.565682 0.565682 0.519019 0.000956 0.0937 2 0 1.5708 7e-06 9e-05 1
1 ITK -1.3034 1.3034 0.394759 0.000956 0.0937 2 0 1.5708 7e-06 9e-05 1
1 ITK -1.06151 1.06151 0.0578985 0.000956 0.0937 2 0 1.5708 7e-06 9e-05 1
1 ITK -0.4816 0.4816 0.132 0.00017 0.0937 0 0 0 0 0 0
1 ITK -0.4816 0.4816 0.345 0.00017 0.0937 0 0 0 0 0 0
1 ITK -0.6923 0.6923 0.559 0.00017 0.0937 0 0 0 0 0 0
1 ITK -2.3 2.3 0.57 0.00125 0.0937 0 0 0 0 0 0
1 ITK -2.3 2.3 0.5705 0.000281 0.0937 0 0 0 0 0 0
1 OTK -0.540649 0.540649 0.951699 0.000956 0.0937 2 0 1.5708 7e-06 9e-05 1
1 OTK -0.500863 0.500863 0.0880438 0.000956 0.0937 2 0 1.5708 7e-06 9e-05 1
1 OTK -0.960412 0.960412 0.200891 0.000956 0.0937 2 0 1.5708 7e-06 9e-05 1
1 OTK -1.2642 1.2642 0.824 0.000244 0.0937 0 0 0 0 0 0
1 OTK -1.2642 1.2642 1.143 0.000117 0.0937 0 0 0 0 0 0
1 OTK -1.2642 1.2642 1.476 0.000117 0.0937 0 0 0 0 0 0
2 VTXDSK 0.05 0.112 -0.28 5e-05 0.0937 2 0 1.5708 5e-06 5e-06 1
2 VTXDSK 0.035 0.112 -0.2 5e-05 0.0937 2 0 1.5708 5e-06 5e-06 1
2 VTXDSK 0.028 0.112 -0.12 5e-05 0.0937 2 0 1.5708 5e-06 5e-06 1
2 VTXDSK 0.022 0.112 -0.08 5e-05 0.0937 2 0 1.5708 5e-06 5e-06 1
2 VTXDSK 0.022 0.112 0.08 5e-05 0.0937 2 0 1.5708 5e-06 5e-06 1
2 VTXDSK 0.028 0.112 0.12 5e-05 0.0937 2 0 1.5708 5e-06 5e-06 1
2 VTXDSK 0.035 0.112 0.2 5e-05 0.0937 2 0 1.5708 5e-06 5e-06 1
2 VTXDSK 0.05 0.112 0.28 5e-05 0.0937 2 0 1.5708 5e-06 5e-06 1
2 ITKDSK 0.284 0.56 -2.19 0.000956 0.0937 2 0 1.5708 7e-06 9e-05 1
2 ITKDSK 0.264 0.56 -1.946 0.000956 0.0937 2 0 1.5708 7e-06 9e-05 1
2 ITKDSK 0.237 0.56 -1.661 0.000956 0.0937 2 0 1.5708 7e-06 9e-05 1
2 ITKDSK 0.212 0.56 -1.377 0.000956 0.0937 2 0 1.5708 7e-06 9e-05 1
2 ITKDSK 0.19 0.56 -1.093 0.000956 0.0937 2 0 1.5708 7e-06 9e-05 1
2 ITKDSK 0.147 0.56 -0.808 0.000956 0.0937 2 0 1.5708 7e-06 9e-05 1
2 ITKDSK 0.095 0.41 -0.524 0.000956 0.0937 2 0 1.5708 7e-06 9e-05 1
2 ITKDSK 0.095 0.41 0.524 0.000956 0.0937 2 0 1.5708 7e-06 9e-05 1
2 ITKDSK 0.147 0.56 0.808 0.000956 0.0937 2 0 1.5708 7e-06 9e-05 1
2 ITKDSK 0.19 0.56 1.093 0.000956 0.0937 2 0 1.5708 7e-06 9e-05 1
2 ITKDSK 0.212 0.56 1.377 0.000956 0.0937 2 0 1.5708 7e-06 9e-05 1
2 ITKDSK 0.237 0.56 1.661 0.000956 0.0937 2 0 1.5708 7e-06 9e-05 1
2 ITKDSK 0.264 0.56 1.946 0.000956 0.0937 2 0 1.5708 7e-06 9e-05 1
2 ITKDSK 0.284 0.56 2.19 0.000956 0.0937 2 0 1.5708 7e-06 9e-05 1
2 OTKDSK 0.6175 1.4302 -2.19 0.000956 0.0937 2 0 1.5708 7e-06 9e-05 1
2 OTKDSK 0.6175 1.4302 -1.883 0.000956 0.0937 2 0 1.5708 7e-06 9e-05 1
2 OTKDSK 0.6175 1.4302 -1.617 0.000956 0.0937 2 0 1.5708 7e-06 9e-05 1
2 OTKDSK 0.6175 1.4302 -1.31 0.000956 0.0937 2 0 1.5708 7e-06 9e-05 1
2 OTKDSK 0.6175 1.4302 1.31 0.000956 0.0937 2 0 1.5708 7e-06 9e-05 1
2 OTKDSK 0.6175 1.4302 1.617 0.000956 0.0937 2 0 1.5708 7e-06 9e-05 1
2 OTKDSK 0.6175 1.4302 1.883 0.000956 0.0937 2 0 1.5708 7e-06 9e-05 1
2 OTKDSK 0.6175 1.4302 2.19 0.000956 0.0937 2 0 1.5708 7e-06 9e-05 1
2 OTKDSK 0.6175 1.4302 -2.18 0.000342 0.0937 0 0 0 0 0 0
2 OTKDSK 0.6175 1.4302 -1.893 0.000342 0.0937 0 0 0 0 0 0
2 OTKDSK 0.6175 1.4302 -1.607 0.000342 0.0937 0 0 0 0 0 0
2 OTKDSK 0.6175 1.4302 -1.32 0.000342 0.0937 0 0 0 0 0 0
2 OTKDSK 0.6175 1.4302 1.32 0.000342 0.0937 0 0 0 0 0 0
2 OTKDSK 0.6175 1.4302 1.607 0.000342 0.0937 0 0 0 0 0 0
2 OTKDSK 0.6175 1.4302 1.893 0.000342 0.0937 0 0 0 0 0 0
2 OTKDSK 0.6175 1.4302 2.18 0.000342 0.0937 0 0 0 0 0 0
SolGeom::GeoRead completed with 66 layers input
i = 0, Detector = PIPE
i = 1, Detector = VTX
i = 2, Detector = ITK
i = 3, Detector = OTK
i = 4, Detector = VTXDSK
i = 5, Detector = ITKDSK
i = 6, Detector = OTKDSK
SolTrack::CovCalc: Error matrix not positive definite. Recovering ....
SolTrack::CovCalc: Error matrix not positive definite. Recovering ....
   ------------------------------------------------------------------
  | Welcome to ROOT 6.37.01                        https://root.cern |
  | (c) 1995-2025, The ROOT Team; conception: R. Brun, F. Rademakers |
  | Built for linuxx8664gcc on Oct 14 2025, 03:00:55                 |
  | From heads/master@599cbfd2                                       |
  | With c++ (GCC) 14.2.1 20250110 (Red Hat 14.2.1-7)                |
  | Try '.help'/'.?', '.demo', '.license', '.credits', '.quit'/'.q'  |
   ------------------------------------------------------------------


Processing LoadAll.c("CLD")...
Processing RunMetrics.cc+("opt/GeoOPT.txt", "opt/metrics.root")...
1 PIPE -100 100 0.0228 0.0012 0.35276 0 0 0 0 0 0
1 VTX -0.5932 0.5932 1.17974 5e-05 0.0937 2 0 1.5708 5e-06 5e-06 1
1 VTX -0.693688 0.693688 0.933088 5e-05 0.0937 2 0 1.5708 5e-06 5e-06 1
1 VTX -0.923086 0.923086 0.903071 5e-05 0.0937 2 0 1.5708 5e-06 5e-06 1
1 VTX -0.544954 0.544954 0.787248 5e-05 0.0937 2 0 1.5708 5e-06 5e-06 1
1 VTX -0.602256 0.602256 0.801743 5e-05 0.0937 2 0 1.5708 5e-06 5e-06 1
1 VTX -0.803819 0.803819 0.858019 5e-05 0.0937 2 0 1.5708 5e-06 5e-06 1
1 VTX -0.688972 0.688972 0.617522 5e-05 0.0937 2 0 1.5708 5e-06 5e-06 1
1 VTX -0.911442 0.911442 1.21317 5e-05 0.0937 2 0 1.5708 5e-06 5e-06 1
1 VTX -0.065 0.065 0.028 0.000557 0.0937 0 0 0 0 0 0
1 VTX -0.065 0.065 0.051 0.000557 0.0937 0 0 0 0 0 0
1 VTX -0.065 0.065 0.074 0.000557 0.0937 0 0 0 0 0 0
1 VTX -0.065 0.065 0.102 0.000557 0.0937 0 0 0 0 0 0
1 VTX -0.5 0.5 0.113 0.000337 0.0937 0 0 0 0 0 0
1 ITK -0.569503 0.569503 1.00425 0.000956 0.0937 2 0 1.5708 7e-06 9e-05 1
1 ITK -0.836929 0.836929 0.774748 0.000956 0.0937 2 0 1.5708 7e-06 9e-05 1
1 ITK -0.832776 0.832776 0.783693 0.000956 0.0937 2 0 1.5708 7e-06 9e-05 1
1 ITK -0.4816 0.4816 0.132 0.00017 0.0937 0 0 0 0 0 0
1 ITK -0.4816 0.4816 0.345 0.00017 0.0937 0 0 0 0 0 0
1 ITK -0.6923 0.6923 0.559 0.00017 0.0937 0 0 0 0 0 0
1 ITK -2.3 2.3 0.57 0.00125 0.0937 0 0 0 0 0 0
1 ITK -2.3 2.3 0.5705 0.000281 0.0937 0 0 0 0 0 0
1 OTK -0.961555 0.961555 0.59575 0.000956 0.0937 2 0 1.5708 7e-06 9e-05 1
1 OTK -0.483476 0.483476 0.776857 0.000956 0.0937 2 0 1.5708 7e-06 9e-05 1
1 OTK -0.879798 0.879798 0.229281 0.000956 0.0937 2 0 1.5708 7e-06 9e-05 1
1 OTK -1.2642 1.2642 0.824 0.000244 0.0937 0 0 0 0 0 0
1 OTK -1.2642 1.2642 1.143 0.000117 0.0937 0 0 0 0 0 0
1 OTK -1.2642 1.2642 1.476 0.000117 0.0937 0 0 0 0 0 0
2 VTXDSK 0.05 0.112 -0.28 5e-05 0.0937 2 0 1.5708 5e-06 5e-06 1
2 VTXDSK 0.035 0.112 -0.2 5e-05 0.0937 2 0 1.5708 5e-06 5e-06 1
2 VTXDSK 0.028 0.112 -0.12 5e-05 0.0937 2 0 1.5708 5e-06 5e-06 1
2 VTXDSK 0.022 0.112 -0.08 5e-05 0.0937 2 0 1.5708 5e-06 5e-06 1
2 VTXDSK 0.022 0.112 0.08 5e-05 0.0937 2 0 1.5708 5e-06 5e-06 1
2 VTXDSK 0.028 0.112 0.12 5e-05 0.0937 2 0 1.5708 5e-06 5e-06 1
2 VTXDSK 0.035 0.112 0.2 5e-05 0.0937 2 0 1.5708 5e-06 5e-06 1
2 VTXDSK 0.05 0.112 0.28 5e-05 0.0937 2 0 1.5708 5e-06 5e-06 1
2 ITKDSK 0.284 0.56 -2.19 0.000956 0.0937 2 0 1.5708 7e-06 9e-05 1
2 ITKDSK 0.264 0.56 -1.946 0.000956 0.0937 2 0 1.5708 7e-06 9e-05 1
2 ITKDSK 0.237 0.56 -1.661 0.000956 0.0937 2 0 1.5708 7e-06 9e-05 1
2 ITKDSK 0.212 0.56 -1.377 0.000956 0.0937 2 0 1.5708 7e-06 9e-05 1
2 ITKDSK 0.19 0.56 -1.093 0.000956 0.0937 2 0 1.5708 7e-06 9e-05 1
2 ITKDSK 0.147 0.56 -0.808 0.000956 0.0937 2 0 1.5708 7e-06 9e-05 1
2 ITKDSK 0.095 0.41 -0.524 0.000956 0.0937 2 0 1.5708 7e-06 9e-05 1
2 ITKDSK 0.095 0.41 0.524 0.000956 0.0937 2 0 1.5708 7e-06 9e-05 1
2 ITKDSK 0.147 0.56 0.808 0.000956 0.0937 2 0 1.5708 7e-06 9e-05 1
2 ITKDSK 0.19 0.56 1.093 0.000956 0.0937 2 0 1.5708 7e-06 9e-05 1
2 ITKDSK 0.212 0.56 1.377 0.000956 0.0937 2 0 1.5708 7e-06 9e-05 1
2 ITKDSK 0.237 0.56 1.661 0.000956 0.0937 2 0 1.5708 7e-06 9e-05 1
2 ITKDSK 0.264 0.56 1.946 0.000956 0.0937 2 0 1.5708 7e-06 9e-05 1
2 ITKDSK 0.284 0.56 2.19 0.000956 0.0937 2 0 1.5708 7e-06 9e-05 1
2 OTKDSK 0.6175 1.4302 -2.19 0.000956 0.0937 2 0 1.5708 7e-06 9e-05 1
2 OTKDSK 0.6175 1.4302 -1.883 0.000956 0.0937 2 0 1.5708 7e-06 9e-05 1
2 OTKDSK 0.6175 1.4302 -1.617 0.000956 0.0937 2 0 1.5708 7e-06 9e-05 1
2 OTKDSK 0.6175 1.4302 -1.31 0.000956 0.0937 2 0 1.5708 7e-06 9e-05 1
2 OTKDSK 0.6175 1.4302 1.31 0.000956 0.0937 2 0 1.5708 7e-06 9e-05 1
2 OTKDSK 0.6175 1.4302 1.617 0.000956 0.0937 2 0 1.5708 7e-06 9e-05 1
2 OTKDSK 0.6175 1.4302 1.883 0.000956 0.0937 2 0 1.5708 7e-06 9e-05 1
2 OTKDSK 0.6175 1.4302 2.19 0.000956 0.0937 2 0 1.5708 7e-06 9e-05 1
2 OTKDSK 0.6175 1.4302 -2.18 0.000342 0.0937 0 0 0 0 0 0
2 OTKDSK 0.6175 1.4302 -1.893 0.000342 0.0937 0 0 0 0 0 0
2 OTKDSK 0.6175 1.4302 -1.607 0.000342 0.0937 0 0 0 0 0 0
2 OTKDSK 0.6175 1.4302 -1.32 0.000342 0.0937 0 0 0 0 0 0
2 OTKDSK 0.6175 1.4302 1.32 0.000342 0.0937 0 0 0 0 0 0
2 OTKDSK 0.6175 1.4302 1.607 0.000342 0.0937 0 0 0 0 0 0
2 OTKDSK 0.6175 1.4302 1.893 0.000342 0.0937 0 0 0 0 0 0
2 OTKDSK 0.6175 1.4302 2.18 0.000342 0.0937 0 0 0 0 0 0
SolGeom::GeoRead completed with 66 layers input
i = 0, Detector = PIPE
i = 1, Detector = VTX
i = 2, Detector = ITK
i = 3, Detector = OTK
i = 4, Detector = VTXDSK
i = 5, Detector = ITKDSK
i = 6, Detector = OTKDSK
   ------------------------------------------------------------------
  | Welcome to ROOT 6.37.01                        https://root.cern |
  | (c) 1995-2025, The ROOT Team; conception: R. Brun, F. Rademakers |
  | Built for linuxx8664gcc on Oct 14 2025, 03:00:55                 |
  | From heads/master@599cbfd2                                       |
  | With c++ (GCC) 14.2.1 20250110 (Red Hat 14.2.1-7)                |
  | Try '.help'/'.?', '.demo', '.license', '.credits', '.quit'/'.q'  |
   ------------------------------------------------------------------


Processing LoadAll.c("CLD")...
Processing RunMetrics.cc+("opt/GeoOPT.txt", "opt/metrics.root")...
1 PIPE -100 100 0.0228 0.0012 0.35276 0 0 0 0 0 0
1 VTX -1.19275 1.19275 1.40356 5e-05 0.0937 2 0 1.5708 5e-06 5e-06 1
1 VTX -0.271229 0.271229 0.739745 5e-05 0.0937 2 0 1.5708 5e-06 5e-06 1
1 VTX -1.27818 1.27818 0.269778 5e-05 0.0937 2 0 1.5708 5e-06 5e-06 1
1 VTX -0.270124 0.270124 1.25977 5e-05 0.0937 2 0 1.5708 5e-06 5e-06 1
1 VTX -1.42487 1.42487 0.34805 5e-05 0.0937 2 0 1.5708 5e-06 5e-06 1
1 VTX -0.0652756 0.0652756 0.157996 5e-05 0.0937 2 0 1.5708 5e-06 5e-06 1
1 VTX -0.194417 0.194417 1.4146 5e-05 0.0937 2 0 1.5708 5e-06 5e-06 1
1 VTX -1.20149 1.20149 1.45878 5e-05 0.0937 2 0 1.5708 5e-06 5e-06 1
1 VTX -0.065 0.065 0.028 0.000557 0.0937 0 0 0 0 0 0
1 VTX -0.065 0.065 0.051 0.000557 0.0937 0 0 0 0 0 0
1 VTX -0.065 0.065 0.074 0.000557 0.0937 0 0 0 0 0 0
1 VTX -0.065 0.065 0.102 0.000557 0.0937 0 0 0 0 0 0
1 VTX -0.5 0.5 0.113 0.000337 0.0937 0 0 0 0 0 0
1 ITK -0.114884 0.114884 1.2292 0.000956 0.0937 2 0 1.5708 7e-06 9e-05 1
1 ITK -0.0903205 0.0903205 1.22326 0.000956 0.0937 2 0 1.5708 7e-06 9e-05 1
1 ITK -0.176948 0.176948 0.178847 0.000956 0.0937 2 0 1.5708 7e-06 9e-05 1
1 ITK -0.4816 0.4816 0.132 0.00017 0.0937 0 0 0 0 0 0
1 ITK -0.4816 0.4816 0.345 0.00017 0.0937 0 0 0 0 0 0
1 ITK -0.6923 0.6923 0.559 0.00017 0.0937 0 0 0 0 0 0
1 ITK -2.3 2.3 0.57 0.00125 0.0937 0 0 0 0 0 0
1 ITK -2.3 2.3 0.5705 0.000281 0.0937 0 0 0 0 0 0
1 OTK -1.29673 1.29673 0.224893 0.000956 0.0937 2 0 1.5708 7e-06 9e-05 1
1 OTK -1.26959 1.26959 1.31933 0.000956 0.0937 2 0 1.5708 7e-06 9e-05 1
1 OTK -1.30929 1.30929 0.20349 0.000956 0.0937 2 0 1.5708 7e-06 9e-05 1
1 OTK -1.2642 1.2642 0.824 0.000244 0.0937 0 0 0 0 0 0
1 OTK -1.2642 1.2642 1.143 0.000117 0.0937 0 0 0 0 0 0
1 OTK -1.2642 1.2642 1.476 0.000117 0.0937 0 0 0 0 0 0
2 VTXDSK 0.05 0.112 -0.28 5e-05 0.0937 2 0 1.5708 5e-06 5e-06 1
2 VTXDSK 0.035 0.112 -0.2 5e-05 0.0937 2 0 1.5708 5e-06 5e-06 1
2 VTXDSK 0.028 0.112 -0.12 5e-05 0.0937 2 0 1.5708 5e-06 5e-06 1
2 VTXDSK 0.022 0.112 -0.08 5e-05 0.0937 2 0 1.5708 5e-06 5e-06 1
2 VTXDSK 0.022 0.112 0.08 5e-05 0.0937 2 0 1.5708 5e-06 5e-06 1
2 VTXDSK 0.028 0.112 0.12 5e-05 0.0937 2 0 1.5708 5e-06 5e-06 1
2 VTXDSK 0.035 0.112 0.2 5e-05 0.0937 2 0 1.5708 5e-06 5e-06 1
2 VTXDSK 0.05 0.112 0.28 5e-05 0.0937 2 0 1.5708 5e-06 5e-06 1
2 ITKDSK 0.284 0.56 -2.19 0.000956 0.0937 2 0 1.5708 7e-06 9e-05 1
2 ITKDSK 0.264 0.56 -1.946 0.000956 0.0937 2 0 1.5708 7e-06 9e-05 1
2 ITKDSK 0.237 0.56 -1.661 0.000956 0.0937 2 0 1.5708 7e-06 9e-05 1
2 ITKDSK 0.212 0.56 -1.377 0.000956 0.0937 2 0 1.5708 7e-06 9e-05 1
2 ITKDSK 0.19 0.56 -1.093 0.000956 0.0937 2 0 1.5708 7e-06 9e-05 1
2 ITKDSK 0.147 0.56 -0.808 0.000956 0.0937 2 0 1.5708 7e-06 9e-05 1
2 ITKDSK 0.095 0.41 -0.524 0.000956 0.0937 2 0 1.5708 7e-06 9e-05 1
2 ITKDSK 0.095 0.41 0.524 0.000956 0.0937 2 0 1.5708 7e-06 9e-05 1
2 ITKDSK 0.147 0.56 0.808 0.000956 0.0937 2 0 1.5708 7e-06 9e-05 1
2 ITKDSK 0.19 0.56 1.093 0.000956 0.0937 2 0 1.5708 7e-06 9e-05 1
2 ITKDSK 0.212 0.56 1.377 0.000956 0.0937 2 0 1.5708 7e-06 9e-05 1
2 ITKDSK 0.237 0.56 1.661 0.000956 0.0937 2 0 1.5708 7e-06 9e-05 1
2 ITKDSK 0.264 0.56 1.946 0.000956 0.0937 2 0 1.5708 7e-06 9e-05 1
2 ITKDSK 0.284 0.56 2.19 0.000956 0.0937 2 0 1.5708 7e-06 9e-05 1
2 OTKDSK 0.6175 1.4302 -2.19 0.000956 0.0937 2 0 1.5708 7e-06 9e-05 1
2 OTKDSK 0.6175 1.4302 -1.883 0.000956 0.0937 2 0 1.5708 7e-06 9e-05 1
2 OTKDSK 0.6175 1.4302 -1.617 0.000956 0.0937 2 0 1.5708 7e-06 9e-05 1
2 OTKDSK 0.6175 1.4302 -1.31 0.000956 0.0937 2 0 1.5708 7e-06 9e-05 1
2 OTKDSK 0.6175 1.4302 1.31 0.000956 0.0937 2 0 1.5708 7e-06 9e-05 1
2 OTKDSK 0.6175 1.4302 1.617 0.000956 0.0937 2 0 1.5708 7e-06 9e-05 1
2 OTKDSK 0.6175 1.4302 1.883 0.000956 0.0937 2 0 1.5708 7e-06 9e-05 1
2 OTKDSK 0.6175 1.4302 2.19 0.000956 0.0937 2 0 1.5708 7e-06 9e-05 1
2 OTKDSK 0.6175 1.4302 -2.18 0.000342 0.0937 0 0 0 0 0 0
2 OTKDSK 0.6175 1.4302 -1.893 0.000342 0.0937 0 0 0 0 0 0
2 OTKDSK 0.6175 1.4302 -1.607 0.000342 0.0937 0 0 0 0 0 0
2 OTKDSK 0.6175 1.4302 -1.32 0.000342 0.0937 0 0 0 0 0 0
2 OTKDSK 0.6175 1.4302 1.32 0.000342 0.0937 0 0 0 0 0 0
2 OTKDSK 0.6175 1.4302 1.607 0.000342 0.0937 0 0 0 0 0 0
2 OTKDSK 0.6175 1.4302 1.893 0.000342 0.0937 0 0 0 0 0 0
2 OTKDSK 0.6175 1.4302 2.18 0.000342 0.0937 0 0 0 0 0 0
SolGeom::GeoRead completed with 66 layers input
i = 0, Detector = PIPE
i = 1, Detector = VTX
i = 2, Detector = ITK
i = 3, Detector = OTK
i = 4, Detector = VTXDSK
i = 5, Detector = ITKDSK
i = 6, Detector = OTKDSK
SolTrack::CovCalc: Error matrix not positive definite. Recovering ....
   ------------------------------------------------------------------
  | Welcome to ROOT 6.37.01                        https://root.cern |
  | (c) 1995-2025, The ROOT Team; conception: R. Brun, F. Rademakers |
  | Built for linuxx8664gcc on Oct 14 2025, 03:00:55                 |
  | From heads/master@599cbfd2                                       |
  | With c++ (GCC) 14.2.1 20250110 (Red Hat 14.2.1-7)                |
  | Try '.help'/'.?', '.demo', '.license', '.credits', '.quit'/'.q'  |
   ------------------------------------------------------------------


Processing LoadAll.c("CLD")...
Processing RunMetrics.cc+("opt/GeoOPT.txt", "opt/metrics.root")...
1 PIPE -100 100 0.0228 0.0012 0.35276 0 0 0 0 0 0
1 VTX -0.502528 0.502528 1.02072 5e-05 0.0937 2 0 1.5708 5e-06 5e-06 1
1 VTX -0.821839 0.821839 1.04677 5e-05 0.0937 2 0 1.5708 5e-06 5e-06 1
1 VTX -0.699294 0.699294 0.96731 5e-05 0.0937 2 0 1.5708 5e-06 5e-06 1
1 VTX -0.308604 0.308604 0.693539 5e-05 0.0937 2 0 1.5708 5e-06 5e-06 1
1 VTX -0.478517 0.478517 0.619332 5e-05 0.0937 2 0 1.5708 5e-06 5e-06 1
1 VTX -0.649161 0.649161 0.99876 5e-05 0.0937 2 0 1.5708 5e-06 5e-06 1
1 VTX -0.635871 0.635871 0.883344 5e-05 0.0937 2 0 1.5708 5e-06 5e-06 1
1 VTX -0.848157 0.848157 1.11385 5e-05 0.0937 2 0 1.5708 5e-06 5e-06 1
1 VTX -0.065 0.065 0.028 0.000557 0.0937 0 0 0 0 0 0
1 VTX -0.065 0.065 0.051 0.000557 0.0937 0 0 0 0 0 0
1 VTX -0.065 0.065 0.074 0.000557 0.0937 0 0 0 0 0 0
1 VTX -0.065 0.065 0.102 0.000557 0.0937 0 0 0 0 0 0
1 VTX -0.5 0.5 0.113 0.000337 0.0937 0 0 0 0 0 0
1 ITK -1.01607 1.01607 0.406087 0.000956 0.0937 2 0 1.5708 7e-06 9e-05 1
1 ITK -1.03151 1.03151 0.5276 0.000956 0.0937 2 0 1.5708 7e-06 9e-05 1
1 ITK -1.00144 1.00144 0.323545 0.000956 0.0937 2 0 1.5708 7e-06 9e-05 1
1 ITK -0.4816 0.4816 0.132 0.00017 0.0937 0 0 0 0 0 0
1 ITK -0.4816 0.4816 0.345 0.00017 0.0937 0 0 0 0 0 0
1 ITK -0.6923 0.6923 0.559 0.00017 0.0937 0 0 0 0 0 0
1 ITK -2.3 2.3 0.57 0.00125 0.0937 0 0 0 0 0 0
1 ITK -2.3 2.3 0.5705 0.000281 0.0937 0 0 0 0 0 0
1 OTK -1.063 1.063 1.00836 0.000956 0.0937 2 0 1.5708 7e-06 9e-05 1
1 OTK -0.748992 0.748992 0.876437 0.000956 0.0937 2 0 1.5708 7e-06 9e-05 1
1 OTK -0.782432 0.782432 0.16363 0.000956 0.0937 2 0 1.5708 7e-06 9e-05 1
1 OTK -1.2642 1.2642 0.824 0.000244 0.0937 0 0 0 0 0 0
1 OTK -1.2642 1.2642 1.143 0.000117 0.0937 0 0 0 0 0 0
1 OTK -1.2642 1.2642 1.476 0.000117 0.0937 0 0 0 0 0 0
2 VTXDSK 0.05 0.112 -0.28 5e-05 0.0937 2 0 1.5708 5e-06 5e-06 1
2 VTXDSK 0.035 0.112 -0.2 5e-05 0.0937 2 0 1.5708 5e-06 5e-06 1
2 VTXDSK 0.028 0.112 -0.12 5e-05 0.0937 2 0 1.5708 5e-06 5e-06 1
2 VTXDSK 0.022 0.112 -0.08 5e-05 0.0937 2 0 1.5708 5e-06 5e-06 1
2 VTXDSK 0.022 0.112 0.08 5e-05 0.0937 2 0 1.5708 5e-06 5e-06 1
2 VTXDSK 0.028 0.112 0.12 5e-05 0.0937 2 0 1.5708 5e-06 5e-06 1
2 VTXDSK 0.035 0.112 0.2 5e-05 0.0937 2 0 1.5708 5e-06 5e-06 1
2 VTXDSK 0.05 0.112 0.28 5e-05 0.0937 2 0 1.5708 5e-06 5e-06 1
2 ITKDSK 0.284 0.56 -2.19 0.000956 0.0937 2 0 1.5708 7e-06 9e-05 1
2 ITKDSK 0.264 0.56 -1.946 0.000956 0.0937 2 0 1.5708 7e-06 9e-05 1
2 ITKDSK 0.237 0.56 -1.661 0.000956 0.0937 2 0 1.5708 7e-06 9e-05 1
2 ITKDSK 0.212 0.56 -1.377 0.000956 0.0937 2 0 1.5708 7e-06 9e-05 1
2 ITKDSK 0.19 0.56 -1.093 0.000956 0.0937 2 0 1.5708 7e-06 9e-05 1
2 ITKDSK 0.147 0.56 -0.808 0.000956 0.0937 2 0 1.5708 7e-06 9e-05 1
2 ITKDSK 0.095 0.41 -0.524 0.000956 0.0937 2 0 1.5708 7e-06 9e-05 1
2 ITKDSK 0.095 0.41 0.524 0.000956 0.0937 2 0 1.5708 7e-06 9e-05 1
2 ITKDSK 0.147 0.56 0.808 0.000956 0.0937 2 0 1.5708 7e-06 9e-05 1
2 ITKDSK 0.19 0.56 1.093 0.000956 0.0937 2 0 1.5708 7e-06 9e-05 1
2 ITKDSK 0.212 0.56 1.377 0.000956 0.0937 2 0 1.5708 7e-06 9e-05 1
2 ITKDSK 0.237 0.56 1.661 0.000956 0.0937 2 0 1.5708 7e-06 9e-05 1
2 ITKDSK 0.264 0.56 1.946 0.000956 0.0937 2 0 1.5708 7e-06 9e-05 1
2 ITKDSK 0.284 0.56 2.19 0.000956 0.0937 2 0 1.5708 7e-06 9e-05 1
2 OTKDSK 0.6175 1.4302 -2.19 0.000956 0.0937 2 0 1.5708 7e-06 9e-05 1
2 OTKDSK 0.6175 1.4302 -1.883 0.000956 0.0937 2 0 1.5708 7e-06 9e-05 1
2 OTKDSK 0.6175 1.4302 -1.617 0.000956 0.0937 2 0 1.5708 7e-06 9e-05 1
2 OTKDSK 0.6175 1.4302 -1.31 0.000956 0.0937 2 0 1.5708 7e-06 9e-05 1
2 OTKDSK 0.6175 1.4302 1.31 0.000956 0.0937 2 0 1.5708 7e-06 9e-05 1
2 OTKDSK 0.6175 1.4302 1.617 0.000956 0.0937 2 0 1.5708 7e-06 9e-05 1
2 OTKDSK 0.6175 1.4302 1.883 0.000956 0.0937 2 0 1.5708 7e-06 9e-05 1
2 OTKDSK 0.6175 1.4302 2.19 0.000956 0.0937 2 0 1.5708 7e-06 9e-05 1
2 OTKDSK 0.6175 1.4302 -2.18 0.000342 0.0937 0 0 0 0 0 0
2 OTKDSK 0.6175 1.4302 -1.893 0.000342 0.0937 0 0 0 0 0 0
2 OTKDSK 0.6175 1.4302 -1.607 0.000342 0.0937 0 0 0 0 0 0
2 OTKDSK 0.6175 1.4302 -1.32 0.000342 0.0937 0 0 0 0 0 0
2 OTKDSK 0.6175 1.4302 1.32 0.000342 0.0937 0 0 0 0 0 0
2 OTKDSK 0.6175 1.4302 1.607 0.000342 0.0937 0 0 0 0 0 0
2 OTKDSK 0.6175 1.4302 1.893 0.000342 0.0937 0 0 0 0 0 0
2 OTKDSK 0.6175 1.4302 2.18 0.000342 0.0937 0 0 0 0 0 0
SolGeom::GeoRead completed with 66 layers input
i = 0, Detector = PIPE
i = 1, Detector = VTX
i = 2, Detector = ITK
i = 3, Detector = OTK
i = 4, Detector = VTXDSK
i = 5, Detector = ITKDSK
i = 6, Detector = OTKDSK
   ------------------------------------------------------------------
  | Welcome to ROOT 6.37.01                        https://root.cern |
  | (c) 1995-2025, The ROOT Team; conception: R. Brun, F. Rademakers |
  | Built for linuxx8664gcc on Oct 14 2025, 03:00:55                 |
  | From heads/master@599cbfd2                                       |
  | With c++ (GCC) 14.2.1 20250110 (Red Hat 14.2.1-7)                |
  | Try '.help'/'.?', '.demo', '.license', '.credits', '.quit'/'.q'  |
   ------------------------------------------------------------------


Processing LoadAll.c("CLD")...
Processing RunMetrics.cc+("opt/GeoOPT.txt", "opt/metrics.root")...
1 PIPE -100 100 0.0228 0.0012 0.35276 0 0 0 0 0 0
1 VTX -0.985176 0.985176 1.17363 5e-05 0.0937 2 0 1.5708 5e-06 5e-06 1
1 VTX -0.858222 0.858222 0.705079 5e-05 0.0937 2 0 1.5708 5e-06 5e-06 1
1 VTX -1.133 1.133 0.91057 5e-05 0.0937 2 0 1.5708 5e-06 5e-06 1
1 VTX -0.479335 0.479335 1.16595 5e-05 0.0937 2 0 1.5708 5e-06 5e-06 1
1 VTX -1.10521 1.10521 1.03389 5e-05 0.0937 2 0 1.5708 5e-06 5e-06 1
1 VTX -0.560559 0.560559 0.630072 5e-05 0.0937 2 0 1.5708 5e-06 5e-06 1
1 VTX -0.422576 0.422576 1.06649 5e-05 0.0937 2 0 1.5708 5e-06 5e-06 1
1 VTX -1.01524 1.01524 1.43417 5e-05 0.0937 2 0 1.5708 5e-06 5e-06 1
1 VTX -0.065 0.065 0.028 0.000557 0.0937 0 0 0 0 0 0
1 VTX -0.065 0.065 0.051 0.000557 0.0937 0 0 0 0 0 0
1 VTX -0.065 0.065 0.074 0.000557 0.0937 0 0 0 0 0 0
1 VTX -0.065 0.065 0.102 0.000557 0.0937 0 0 0 0 0 0
1 VTX -0.5 0.5 0.113 0.000337 0.0937 0 0 0 0 0 0
1 ITK -0.152594 0.152594 0.675978 0.000956 0.0937 2 0 1.5708 7e-06 9e-05 1
1 ITK -0.398339 0.398339 0.550969 0.000956 0.0937 2 0 1.5708 7e-06 9e-05 1
1 ITK -0.624913 0.624913 0.344931 0.000956 0.0937 2 0 1.5708 7e-06 9e-05 1
1 ITK -0.4816 0.4816 0.132 0.00017 0.0937 0 0 0 0 0 0
1 ITK -0.4816 0.4816 0.345 0.00017 0.0937 0 0 0 0 0 0
1 ITK -0.6923 0.6923 0.559 0.00017 0.0937 0 0 0 0 0 0
1 ITK -2.3 2.3 0.57 0.00125 0.0937 0 0 0 0 0 0
1 ITK -2.3 2.3 0.5705 0.000281 0.0937 0 0 0 0 0 0
1 OTK -1.16305 1.16305 0.516984 0.000956 0.0937 2 0 1.5708 7e-06 9e-05 1
1 OTK -0.466287 0.466287 0.410387 0.000956 0.0937 2 0 1.5708 7e-06 9e-05 1
1 OTK -0.457071 0.457071 0.196671 0.000956 0.0937 2 0 1.5708 7e-06 9e-05 1
1 OTK -1.2642 1.2642 0.824 0.000244 0.0937 0 0 0 0 0 0
1 OTK -1.2642 1.2642 1.143 0.000117 0.0937 0 0 0 0 0 0
1 OTK -1.2642 1.2642 1.476 0.000117 0.0937 0 0 0 0 0 0
2 VTXDSK 0.05 0.112 -0.28 5e-05 0.0937 2 0 1.5708 5e-06 5e-06 1
2 VTXDSK 0.035 0.112 -0.2 5e-05 0.0937 2 0 1.5708 5e-06 5e-06 1
2 VTXDSK 0.028 0.112 -0.12 5e-05 0.0937 2 0 1.5708 5e-06 5e-06 1
2 VTXDSK 0.022 0.112 -0.08 5e-05 0.0937 2 0 1.5708 5e-06 5e-06 1
2 VTXDSK 0.022 0.112 0.08 5e-05 0.0937 2 0 1.5708 5e-06 5e-06 1
2 VTXDSK 0.028 0.112 0.12 5e-05 0.0937 2 0 1.5708 5e-06 5e-06 1
2 VTXDSK 0.035 0.112 0.2 5e-05 0.0937 2 0 1.5708 5e-06 5e-06 1
2 VTXDSK 0.05 0.112 0.28 5e-05 0.0937 2 0 1.5708 5e-06 5e-06 1
2 ITKDSK 0.284 0.56 -2.19 0.000956 0.0937 2 0 1.5708 7e-06 9e-05 1
2 ITKDSK 0.264 0.56 -1.946 0.000956 0.0937 2 0 1.5708 7e-06 9e-05 1
2 ITKDSK 0.237 0.56 -1.661 0.000956 0.0937 2 0 1.5708 7e-06 9e-05 1
2 ITKDSK 0.212 0.56 -1.377 0.000956 0.0937 2 0 1.5708 7e-06 9e-05 1
2 ITKDSK 0.19 0.56 -1.093 0.000956 0.0937 2 0 1.5708 7e-06 9e-05 1
2 ITKDSK 0.147 0.56 -0.808 0.000956 0.0937 2 0 1.5708 7e-06 9e-05 1
2 ITKDSK 0.095 0.41 -0.524 0.000956 0.0937 2 0 1.5708 7e-06 9e-05 1
2 ITKDSK 0.095 0.41 0.524 0.000956 0.0937 2 0 1.5708 7e-06 9e-05 1
2 ITKDSK 0.147 0.56 0.808 0.000956 0.0937 2 0 1.5708 7e-06 9e-05 1
2 ITKDSK 0.19 0.56 1.093 0.000956 0.0937 2 0 1.5708 7e-06 9e-05 1
2 ITKDSK 0.212 0.56 1.377 0.000956 0.0937 2 0 1.5708 7e-06 9e-05 1
2 ITKDSK 0.237 0.56 1.661 0.000956 0.0937 2 0 1.5708 7e-06 9e-05 1
2 ITKDSK 0.264 0.56 1.946 0.000956 0.0937 2 0 1.5708 7e-06 9e-05 1
2 ITKDSK 0.284 0.56 2.19 0.000956 0.0937 2 0 1.5708 7e-06 9e-05 1
2 OTKDSK 0.6175 1.4302 -2.19 0.000956 0.0937 2 0 1.5708 7e-06 9e-05 1
2 OTKDSK 0.6175 1.4302 -1.883 0.000956 0.0937 2 0 1.5708 7e-06 9e-05 1
2 OTKDSK 0.6175 1.4302 -1.617 0.000956 0.0937 2 0 1.5708 7e-06 9e-05 1
2 OTKDSK 0.6175 1.4302 -1.31 0.000956 0.0937 2 0 1.5708 7e-06 9e-05 1
2 OTKDSK 0.6175 1.4302 1.31 0.000956 0.0937 2 0 1.5708 7e-06 9e-05 1
2 OTKDSK 0.6175 1.4302 1.617 0.000956 0.0937 2 0 1.5708 7e-06 9e-05 1
2 OTKDSK 0.6175 1.4302 1.883 0.000956 0.0937 2 0 1.5708 7e-06 9e-05 1
2 OTKDSK 0.6175 1.4302 2.19 0.000956 0.0937 2 0 1.5708 7e-06 9e-05 1
2 OTKDSK 0.6175 1.4302 -2.18 0.000342 0.0937 0 0 0 0 0 0
2 OTKDSK 0.6175 1.4302 -1.893 0.000342 0.0937 0 0 0 0 0 0
2 OTKDSK 0.6175 1.4302 -1.607 0.000342 0.0937 0 0 0 0 0 0
2 OTKDSK 0.6175 1.4302 -1.32 0.000342 0.0937 0 0 0 0 0 0
2 OTKDSK 0.6175 1.4302 1.32 0.000342 0.0937 0 0 0 0 0 0
2 OTKDSK 0.6175 1.4302 1.607 0.000342 0.0937 0 0 0 0 0 0
2 OTKDSK 0.6175 1.4302 1.893 0.000342 0.0937 0 0 0 0 0 0
2 OTKDSK 0.6175 1.4302 2.18 0.000342 0.0937 0 0 0 0 0 0
SolGeom::GeoRead completed with 66 layers input
i = 0, Detector = PIPE
i = 1, Detector = VTX
i = 2, Detector = ITK
i = 3, Detector = OTK
i = 4, Detector = VTXDSK
i = 5, Detector = ITKDSK
i = 6, Detector = OTKDSK
SolTrack::CovCalc: Error matrix not positive definite. Recovering ....
SolTrack::CovCalc: Error matrix not positive definite. Recovering ....
Free layer indices: [1, 2, 3, 4, 5, 6, 7, 8, 14, 15, 16, 22, 23, 24]
Number of θ components: 14
Wrote opt/GeoOPT.txt
Running ROOT: root -b -q LoadAll.c("CLD") RunMetrics.cc+("opt/GeoOPT.txt", "opt/metrics.root")
Running ROOT: root -b -q LoadAll.c("CLD") RunMetrics.cc+("opt/GeoOPT.txt", "opt/metrics.root")
θ_R=[0.029 0.031 0.05  0.052 0.073 0.075 0.101 0.103 0.127 0.34  0.554 0.819
 1.153 1.486], θ_L=[0.065  0.065  0.065  0.065  0.065  0.065  0.065  0.065  0.4816 0.4816
 0.6923 1.2642 1.2642 1.2642] -> base=0.005477, intersections=2, total=6.477
Baseline loss before optimization =  6.4768009345481214
Running ROOT: root -b -q LoadAll.c("CLD") RunMetrics.cc+("opt/GeoOPT.txt", "opt/metrics.root")
θ_R=[1.19888362 0.29148349 1.17394268 0.90333823 0.67983247 0.16796288
 0.69968836 0.51388874 0.23144289 0.98331494 0.10348914 1.08855818
 1.40905801 0.02115257], θ_L=[1.48847311 0.93387263 0.92524668 0.03045813 0.05413239 0.7966665
 0.61179424 0.08906518 1.46115817 0.36450158 0.15409752 0.93521129
 0.58604375 1.47518171] -> base=0.005545, intersections=24, total=17.55
Running ROOT: root -b -q LoadAll.c("CLD") RunMetrics.cc+("opt/GeoOPT.txt", "opt/metrics.root")
θ_R=[0.71080908 1.2927118  1.02685516 0.68673889 0.03963214 1.4144586
 0.85366656 0.59041642 0.04363005 0.36172286 0.37671769 1.03123001
 0.92279505 1.25312847], θ_L=[0.27657969 0.5987697  0.28970941 1.13793489 0.64923069 0.32775366
 0.86019649 0.06634367 1.26658147 0.68563612 0.60482235 1.39145512
 1.09636255 0.50328034] -> base=0.005488, intersections=22, total=16.49
Running ROOT: root -b -q LoadAll.c("CLD") RunMetrics.cc+("opt/GeoOPT.txt", "opt/metrics.root")
θ_R=[0.86425708 0.7908347  1.4425346  1.2699101  1.12603376 0.81874436
 0.88839173 1.44857785 0.91841069 0.42847879 0.45848479 0.26459507
 0.04314188 0.64663419], θ_L=[0.60442465 0.4543625  0.04083814 0.31428676 1.07278609 1.1894598
 0.91682076 1.3909253  0.983594   1.37414032 1.2780571  0.685187
 0.16120697 0.56881101] -> base=0.005476, intersections=16, total=13.48
Running ROOT: root -b -q LoadAll.c("CLD") RunMetrics.cc+("opt/GeoOPT.txt", "opt/metrics.root")
θ_R=[1.00988505 1.00556509 0.89512073 0.42658825 0.85064027 0.58673177
 1.4581339  1.27639246 1.08815969 0.36925768 0.39898112 0.07984171
 1.07178108 0.18411841], θ_L=[0.67021802 0.31854442 1.34573012 0.72354793 0.85364785 1.04936381
 0.22621055 0.91453772 0.81896482 0.32053061 1.41542328 0.90632089
 1.0482817  1.3230924 ] -> base=0.005658, intersections=26, total=18.66
Running ROOT: root -b -q LoadAll.c("CLD") RunMetrics.cc+("opt/GeoOPT.txt", "opt/metrics.root")
θ_R=[0.94404399 0.45753786 0.1761315  0.69567116 0.34329185 0.63643472
 1.32725478 0.50003063 0.20069017 0.5473208  1.36210609 0.42275573
 0.97858138 0.02077016], θ_L=[0.54180191 0.47107626 0.26369066 0.81045234 0.73754836 1.04480533
 0.41873025 0.38130577 0.26907074 0.34377104 0.84599096 0.61767753
 0.11604053 0.39579481] -> base=0.00514, intersections=4, total=7.14
Running ROOT: root -b -q LoadAll.c("CLD") RunMetrics.cc+("opt/GeoOPT.txt", "opt/metrics.root")
θ_R=[0.38537657 1.05053032 1.07416047 0.23916866 1.49665592 0.4148359
 1.46539013 0.62833478 0.06891508 0.53070545 0.95883999 1.02744407
 0.80578318 0.68271908], θ_L=[0.83828177 0.89719115 0.13966292 0.56708859 0.37839671 1.20864684
 0.71604494 1.47546625 0.61026017 1.22831917 1.20155078 0.24306197
 0.77213419 1.04980295] -> base=0.005551, intersections=28, total=19.55
Running ROOT: root -b -q LoadAll.c("CLD") RunMetrics.cc+("opt/GeoOPT.txt", "opt/metrics.root")
θ_R=[1.29037103 0.50241918 0.34595675 1.07250131 1.21806155 0.53602566
 0.1623413  1.41197443 0.60840659 0.786272   1.25981096 1.02002137
 1.10811986 0.329426  ], θ_L=[0.821343   1.04976091 0.35825403 0.27893329 1.47360915 0.78462112
 0.40602718 1.49445548 1.44882064 0.84627431 1.32630179 0.29928652
 0.4327296  1.05652959] -> base=0.005645, intersections=20, total=15.64
Running ROOT: root -b -q LoadAll.c("CLD") RunMetrics.cc+("opt/GeoOPT.txt", "opt/metrics.root")
θ_R=[1.27305849 1.28735995 0.61867203 1.33389975 1.2793741  1.40473979
 1.18230416 1.01010262 0.8794162  0.57097849 1.41139749 1.46102248
 0.44020304 0.47193851], θ_L=[0.73870836 0.68366773 1.49179704 0.28036937 0.04675154 0.7509627
 0.28465761 0.5623738  1.12137237 1.08699109 0.47592997 0.82295954
 0.77304483 0.96177227] -> base=0.005845, intersections=8, total=9.845
Running ROOT: root -b -q LoadAll.c("CLD") RunMetrics.cc+("opt/GeoOPT.txt", "opt/metrics.root")
θ_R=[0.94363894 0.80700079 1.16457136 0.67041599 0.64265506 0.82732474
 0.5670345  0.89794184 0.03614203 1.25258078 0.2315898  0.95745788
 0.16349739 0.08591339], θ_L=[0.50921088 0.96053162 0.91232766 0.10644434 0.47666689 1.20111968
 1.26028809 0.75235221 0.61409776 1.24395411 1.20290446 0.08530387
 0.46772092 1.16577318] -> base=0.005271, intersections=22, total=16.27
Running ROOT: root -b -q LoadAll.c("CLD") RunMetrics.cc+("opt/GeoOPT.txt", "opt/metrics.root")
θ_R=[0.72357506 0.93888747 0.21876089 0.51762394 0.56845787 0.38318294
 0.14326038 0.27001843 0.53037448 1.25264953 0.87594911 0.33717006
 1.06766356 1.32891007], θ_L=[0.14567602 0.7579284  0.4253881  0.68504346 1.01953912 0.29713702
 1.11078271 1.1604287  0.47768834 0.31702112 0.16227855 0.14817236
 0.84921791 1.29515907] -> base=0.005051, intersections=10, total=10.05
Running ROOT: root -b -q LoadAll.c("CLD") RunMetrics.cc+("opt/GeoOPT.txt", "opt/metrics.root")
θ_R=[1.08913864 0.88590912 0.83064798 1.12710269 1.15042104 0.86456102
 0.75231778 1.17000518 0.66555513 0.70059998 0.93091483 0.95477488
 0.54164028 0.42757658], θ_L=[0.69883232 0.79588586 0.68193623 0.30764637 0.74136529 0.96140336
 0.63902449 1.08583113 1.13582917 1.10646486 1.00123795 0.54884662
 0.49278267 0.92262894] -> base=0.006384, intersections=4, total=8.384
Running ROOT: root -b -q LoadAll.c("CLD") RunMetrics.cc+("opt/GeoOPT.txt", "opt/metrics.root")
θ_R=[0.85243721 1.18801561 0.52694022 0.84080212 0.57634668 0.5879065
 0.19417051 0.24694353 0.5367833  0.97469908 0.81350138 0.27398592
 0.77527661 1.17585775], θ_L=[0.20818383 0.66478959 0.75007938 0.8861778  0.69088479 0.32353595
 1.12934362 0.74890881 0.72356108 0.27252951 0.48319729 0.59804216
 1.12585996 0.82449967] -> base=0.005608, intersections=12, total=11.61
Running ROOT: root -b -q LoadAll.c("CLD") RunMetrics.cc+("opt/GeoOPT.txt", "opt/metrics.root")
θ_R=[0.92214134 0.87645098 0.36617915 0.58337701 1.27999461 0.11330041
 1.41491905 0.39099766 0.76513875 0.3466684  1.2415736  0.50910967
 1.39817385 0.45168497], θ_L=[1.006172   0.91334891 0.06482706 0.48607474 0.37449726 1.15544481
 0.38043101 1.48013348 1.01755796 1.08694375 1.22590003 0.3342929
 0.50059628 1.09886144] -> base=0.0054, intersections=20, total=15.4
Running ROOT: root -b -q LoadAll.c("CLD") RunMetrics.cc+("opt/GeoOPT.txt", "opt/metrics.root")
θ_R=[1.02463042 0.53029233 0.50595594 1.06097934 1.45507808 1.36030336
 1.27427074 1.25564238 1.24306465 0.17206061 1.3286049  0.10201742
 0.11813289 0.53310917], θ_L=[0.61723588 0.08726402 0.35271242 0.45564618 1.30385976 1.2888021
 0.24077123 1.46257933 0.44500468 0.60426223 1.46968759 1.28663942
 0.61898789 0.21222972] -> base=0.00572, intersections=24, total=17.72
Running ROOT: root -b -q LoadAll.c("CLD") RunMetrics.cc+("opt/GeoOPT.txt", "opt/metrics.root")
θ_R=[1.06162557 1.14163406 0.3341283  0.17664171 1.13343486 0.46975291
 0.76408105 0.92318687 1.06395342 0.43048242 0.96199866 0.27422043
 0.47527355 0.78270187], θ_L=[0.54736133 0.63875757 1.0165704  0.47878696 1.05066774 0.83096585
 0.54684804 0.72149587 0.45291876 0.4832081  1.06885662 1.12486535
 0.18410733 0.14117433] -> base=0.005785, intersections=14, total=12.78
Running ROOT: root -b -q LoadAll.c("CLD") RunMetrics.cc+("opt/GeoOPT.txt", "opt/metrics.root")
θ_R=[1.12784825 0.43576129 0.45881442 1.16903503 1.23084044 1.27112521
 1.13671894 1.36385807 1.16543239 0.43253355 1.44722725 1.26406561
 0.30900453 0.29696832], θ_L=[0.70738505 1.17196594 1.16300928 0.41406291 1.05437954 0.82232318
 0.23329015 1.38531646 0.43427544 1.07250113 1.17805741 0.44578591
 0.22560682 0.45346986] -> base=0.005533, intersections=16, total=13.53
Running ROOT: root -b -q LoadAll.c("CLD") RunMetrics.cc+("opt/GeoOPT.txt", "opt/metrics.root")
θ_R=[1.22926186 0.73637973 0.71030798 1.05069718 0.99024537 0.6776575
 1.13584428 1.4246983  0.84146799 0.75545932 0.43916769 0.10173086
 1.10043693 0.10004463], θ_L=[0.65132395 0.37655957 0.42223012 0.6274678  1.24930401 0.73767464
 0.31976791 0.91075893 0.52268324 0.10564074 0.88085908 1.03927484
 0.44197386 0.99506611] -> base=0.005457, intersections=24, total=17.46
Running ROOT: root -b -q LoadAll.c("CLD") RunMetrics.cc+("opt/GeoOPT.txt", "opt/metrics.root")
θ_R=[0.9118661  1.20278571 1.06050083 0.29888788 1.25158177 0.59560574
 1.11927343 0.49877353 0.68570552 0.23284551 1.03710272 0.81847322
 0.83530454 0.17188582], θ_L=[0.98421909 0.69535414 1.02921102 0.85725373 0.52825707 1.27431708
 0.61607453 1.20669196 0.22365631 0.70377781 1.12801037 1.07345909
 0.37396014 0.51506416] -> base=0.005757, intersections=12, total=11.76
Running ROOT: root -b -q LoadAll.c("CLD") RunMetrics.cc+("opt/GeoOPT.txt", "opt/metrics.root")
θ_R=[0.94085237 0.94560905 1.05933158 1.02560921 0.98028329 0.62190641
 0.60126544 1.06493739 0.51901934 0.39475882 0.05789853 0.95169854
 0.08804383 0.20089105], θ_L=[0.58641932 0.56605569 0.4391094  0.36237376 0.61356535 1.12731474
 0.9920829  1.29896794 0.56568166 1.3033959  1.0615139  0.54064901
 0.50086273 0.96041246] -> base=0.005882, intersections=28, total=19.88
Running ROOT: root -b -q LoadAll.c("CLD") RunMetrics.cc+("opt/GeoOPT.txt", "opt/metrics.root")
θ_R=[1.17973607 0.93308849 0.90307149 0.78724811 0.80174318 0.85801944
 0.6175218  1.21317359 1.00424989 0.77474782 0.7836929  0.59574965
 0.77685746 0.22928138], θ_L=[0.59320044 0.69368758 0.92308589 0.54495428 0.60225613 0.80381857
 0.68897195 0.91144169 0.56950294 0.83692897 0.83277558 0.96155475
 0.48347647 0.8797978 ] -> base=0.006093, intersections=6, total=9.093
Running ROOT: root -b -q LoadAll.c("CLD") RunMetrics.cc+("opt/GeoOPT.txt", "opt/metrics.root")
θ_R=[1.40356337 0.73974518 0.26977801 1.25977339 0.3480497  0.15799649
 1.41460497 1.4587765  1.22919861 1.22326441 0.17884708 0.22489322
 1.31932931 0.20349035], θ_L=[1.1927526  0.27122868 1.2781827  0.27012393 1.42486527 0.06527563
 0.19441731 1.2014893  0.11488398 0.09032053 0.17694832 1.29672635
 1.26958676 1.30928848] -> base=0.006078, intersections=28, total=20.08
Running ROOT: root -b -q LoadAll.c("CLD") RunMetrics.cc+("opt/GeoOPT.txt", "opt/metrics.root")
θ_R=[1.02071957 1.0467666  0.96730975 0.69353857 0.61933238 0.99875996
 0.88334362 1.1138473  0.40608651 0.5276004  0.32354454 1.00836343
 0.87643671 0.16363011], θ_L=[0.50252805 0.82183946 0.69929411 0.30860351 0.47851664 0.64916074
 0.63587073 0.8481571  1.0160677  1.03151131 1.00144115 1.06299832
 0.74899206 0.7824319 ] -> base=0.006209, intersections=14, total=13.21
Running ROOT: root -b -q LoadAll.c("CLD") RunMetrics.cc+("opt/GeoOPT.txt", "opt/metrics.root")
θ_R=[1.17363205 0.7050793  0.91057027 1.16595108 1.03388877 0.63007192
 1.06648762 1.43416833 0.67597755 0.55096874 0.34493095 0.51698394
 0.41038734 0.19667143], θ_L=[0.98517605 0.85822233 1.13299741 0.47933541 1.10521463 0.56055853
 0.42257575 1.01524023 0.15259355 0.39833919 0.6249133  1.16304814
 0.46628686 0.45707132] -> base=0.005183, intersections=8, total=9.183

=== Optimization finished ===
Best loss: 7.139770605339844
Best θ: [0.9440439912380142, 0.4575378550398168, 0.17613150454880053, 0.6956711643147073, 0.3432918470809138, 0.6364347228481422, 1.3272547831999255, 0.5000306310878055, 0.2006901729569966, 0.5473208003539229, 1.3621060934877163, 0.42275572908926035, 0.9785813784012164, 0.020770157953067414, 0.5418019073745702, 0.4710762620738831, 0.26369066265155383, 0.8104523406756543, 0.7375483576112953, 1.0448053286776002, 0.41873025402181185, 0.38130577292670587, 0.26907074241593726, 0.34377104496814404, 0.8459909629856651, 0.6176775331659006, 0.11604052572129273, 0.3957948126228302]
Best geometry written to: opt/GeoBEST.txt
